LOCALE,KEY,ENGLISH,,,,,,VALUE,FIXUTURE,CONTEXT
ja,activity.empty.comments,No Comments,No Comments,No Comments,コメントはありません,コメントはありません,コメントはありません,コメントはありません,"'activity.empty.comments':'コメントはありません',",
ja,activity.empty.status_updates,No Status Updates,No Status Updates,No Status Updates,いいえステータスの更新はありません,いいえステータスの更新はありません,いいえステータスの更新はありません,いいえステータスの更新はありません,"'activity.empty.status_updates':'いいえステータスの更新はありません',",
ja,activity.one,Activity,Activity,Activity,アクティビティ,アクティビティ,アクティビティ,アクティビティ,"'activity.one':'アクティビティ',",
ja,activity.tabs.all_updates,All Updates,All Updates,All Updates,すべてのアップデート,すべてのアップデート,すべてのアップデート,すべてのアップデート,"'activity.tabs.all_updates':'すべてのアップデート',",
ja,activity.tabs.comments,Comments,Comments,Comments,注釈,注釈,注釈,注釈,"'activity.tabs.comments':'注釈',",
ja,activity.tabs.status_updates,Status Updates,Status Updates,Status Updates,ステータスの更新,ステータスの更新,ステータスの更新,ステータスの更新,"'activity.tabs.status_updates':'ステータスの更新',",
ja,activity.ticket.assignee,changed the {{type}} from ${{from}} $to ${{to}} ${{timestamp}},changed the _type}} from $_from}} $to $_to}} $_timestamp}},changed the _type_var_ from $_from_var_ $to $_to_var_ $_timestamp_var_,$ _to_var_ $ _timestamp_var_に$ _from_var_ $から_type_var_を変更,$ _to}} $ _timestamp}}に$ _from}} $から_type}}を変更,$ {{to}} $ {{timestamp}}に$ {{from}} $から{{type}}を変更,${{to}} ${{timestamp}}に${{from}} $から{{type}}を変更,"'activity.ticket.assignee':'${{to}} ${{timestamp}}に${{from}} $から{{type}}を変更',",
ja,activity.ticket.attachment_add.one,uploaded ${{count}} file ${{timestamp}} ${{added}},uploaded $_count}} file $_timestamp}} $_added}},uploaded $_count_var_ file $_timestamp_var_ $_added_var_,アップロード$ _count_var_ファイル$ _timestamp_var_ $ _added_var_,アップロード$ _count}}ファイル$ _timestamp}} $ _added}},アップロード$ {{count}}ファイル$ {{timestamp}} $ {{added}},アップロード${{count}}ファイル${{timestamp}} ${{added}},"'activity.ticket.attachment_add.one':'アップロード${{count}}ファイル${{timestamp}} ${{added}}',",
ja,activity.ticket.attachment_add.other,uploaded ${{count}} files ${{timestamp}} ${{added}},uploaded $_count}} files $_timestamp}} $_added}},uploaded $_count_var_ files $_timestamp_var_ $_added_var_,$ _timestamp_var_ $ _added_var_ $ _count_var_ファイルをアップロード,$ _timestamp}} $ _added}} $ _count}}ファイルをアップロード,$ {{timestamp}} $ {{added}} $ {{count}}ファイルをアップロード,${{timestamp}} ${{added}} ${{count}}ファイルをアップロード,"'activity.ticket.attachment_add.other':'${{timestamp}} ${{added}} ${{count}}ファイルをアップロード',",
ja,activity.ticket.attachment_remove.one,removed ${{count}} file ${{timestamp}} ${{removed}},removed $_count}} file $_timestamp}} $_removed}},removed $_count_var_ file $_timestamp_var_ $_removed_var_,削除$ _count_var_ファイル$ _timestamp_var_ $ _removed_var_,削除$ _count}}ファイル$ _timestamp}} $ _removed}},削除$ {{count}}ファイル$ {{timestamp}} $ {{removed}},削除${{count}}ファイル${{timestamp}} ${{removed}},"'activity.ticket.attachment_remove.one':'削除${{count}}ファイル${{timestamp}} ${{removed}}',",
ja,activity.ticket.attachment_remove.other,removed ${{count}} files ${{timestamp}} ${{removed}},removed $_count}} files $_timestamp}} $_removed}},removed $_count_var_ files $_timestamp_var_ $_removed_var_,$ _timestamp_var_ $ _removed_var_ $ _count_var_ファイルを削除,$ _timestamp}} $ _removed}} $ _count}}ファイルを削除,$ {{timestamp}} $ {{removed}} $ {{count}}ファイルを削除,${{timestamp}} ${{removed}} ${{count}}ファイルを削除,"'activity.ticket.attachment_remove.other':'${{timestamp}} ${{removed}} ${{count}}ファイルを削除',",
ja,activity.ticket.categories,changed the category from ${{from}} $to ${{to}} ${{timestamp}},changed the category from $_from}} $to $_to}} $_timestamp}},changed the category from $_from_var_ $to $_to_var_ $_timestamp_var_,$ _to_var_ $ _timestamp_var_に$ _from_var_ $からカテゴリを変更,$ _to}} $ _timestamp}}に$ _from}} $からカテゴリを変更,$ {{to}} $ {{timestamp}}に$ {{from}} $からカテゴリを変更,${{to}} ${{timestamp}}に${{from}} $からカテゴリを変更,"'activity.ticket.categories':'${{to}} ${{timestamp}}に${{from}} $からカテゴリを変更',",
ja,activity.ticket.cc_add,added ${{added}} $to CC ${{timestamp}},added $_added}} $to CC $_timestamp}},added $_added_var_ $to CC $_timestamp_var_,$ CCの$の_timestamp_var_に$ _added_var_を追加しました,$ CCの$の_timestamp}}に$ _added}}を追加しました,$ CCの$の{{timestamp}}に$ {{added}}を追加しました,$CCの$の{{timestamp}}に${{added}}を追加しました,"'activity.ticket.cc_add':'$CCの$の{{timestamp}}に${{added}}を追加しました',",
ja,activity.ticket.cc_remove,removed ${{removed}} $from CC ${{timestamp}},removed $_removed}} $from CC $_timestamp}},removed $_removed_var_ $from CC $_timestamp_var_,CCの$の_timestamp_var_から削除$ _removed_var_ $,CCの$の_timestamp}}から削除$ _removed}} $,CCの$の{{timestamp}}から削除$ {{removed}} $,CCの$の{{timestamp}}から削除${{removed}} $,"'activity.ticket.cc_remove':'CCの$の{{timestamp}}から削除${{removed}} $',",
ja,activity.ticket.comment,commented ${{timestamp}} ${{comment}},commented $_timestamp}} $_comment}},commented $_timestamp_var_ $_comment_var_,コメント$ _timestamp_var_ $ _comment_var_,コメント$ _timestamp}} $ _comment}},コメント$ {{timestamp}} $ {{comment}},コメント${{timestamp}} ${{comment}},"'activity.ticket.comment':'コメント${{timestamp}} ${{comment}}',",
ja,activity.ticket.create,created this ticket ${{timestamp}},created this ticket $_timestamp}},created this ticket $_timestamp_var_,このチケットの$ _timestamp_var_を作成,このチケットの$ _timestamp}}を作成,このチケットの$ {{timestamp}}を作成,このチケットの${{timestamp}}を作成,"'activity.ticket.create':'このチケットの${{timestamp}}を作成',",
ja,activity.ticket.to_from,changed the {{type}} from ${{from}} $to ${{to}} ${{timestamp}},changed the _type}} from $_from}} $to $_to}} $_timestamp}},changed the _type_var_ from $_from_var_ $to $_to_var_ $_timestamp_var_,$ _to_var_ $ _timestamp_var_に$ _from_var_ $から_type_var_を変更,$ _to}} $ _timestamp}}に$ _from}} $から_type}}を変更,$ {{to}} $ {{timestamp}}に$ {{from}} $から{{type}}を変更,${{to}} ${{timestamp}}に${{from}} $から{{type}}を変更,"'activity.ticket.to_from':'${{to}} ${{timestamp}}に${{from}} $から{{type}}を変更',",
ja,admin.address_type.location,Location,Location,Location,ロケーション,ロケーション,ロケーション,ロケーション,"'admin.address_type.location':'ロケーション',",
ja,admin.address_type.office,Office,Office,Office,オフィス,オフィス,オフィス,オフィス,"'admin.address_type.office':'オフィス',",
ja,admin.address_type.shipping,Shipping,Shipping,Shipping,運送,運送,運送,運送,"'admin.address_type.shipping':'運送',",
ja,admin.address.add,Add Address,Add Address,Add Address,アドレスを追加,アドレスを追加,アドレスを追加,アドレスを追加,"'admin.address.add':'アドレスを追加',",
ja,admin.address.address,Street Address,Street Address,Street Address,住所,住所,住所,住所,"'admin.address.address':'住所',",
ja,admin.address.city,City,City,City,シティ,シティ,シティ,シティ,"'admin.address.city':'シティ',",
ja,admin.address.country.one,Country,Country,Country,国,国,国,国,"'admin.address.country.one':'国',",
ja,admin.address.country.other,Countries,Countries,Countries,国,国,国,国,"'admin.address.country.other':'国',",
ja,admin.address.country.select,Select a Country,Select a Country,Select a Country,国を選択,国を選択,国を選択,国を選択,"'admin.address.country.select':'国を選択',",
ja,admin.address.label,Type,Type,Type,タイプ,タイプ,タイプ,タイプ,"'admin.address.label':'タイプ',",
ja,admin.address.postal_code,Zip,Zip,Zip,ジップ,ジップ,ジップ,ジップ,"'admin.address.postal_code':'ジップ',",
ja,admin.address.state.one,State,State,State,状態,状態,状態,状態,"'admin.address.state.one':'状態',",
ja,admin.address.state.other,States,States,States,米国,米国,米国,米国,"'admin.address.state.other':'米国',",
ja,admin.address.state.select,Select a State,Select a State,Select a State,州を選択,州を選択,州を選択,州を選択,"'admin.address.state.select':'州を選択',",
ja,admin.addresstype.office,Office,Office,Office,オフィス,オフィス,オフィス,オフィス,"'admin.addresstype.office':'オフィス',",
ja,admin.addresstype.shipping,Shipping,Shipping,Shipping,運送,運送,運送,運送,"'admin.addresstype.shipping':'運送',",
ja,admin.amount,Amount,Amount,Amount,量,量,量,量,"'admin.amount':'量',",
ja,admin.amount_and_default_value,Amount: {{value}},Amount: _value}},Amount: _value_var_,金額：_value_var_,金額：_value}},金額：{{value}},金額：{{value}},"'admin.amount_and_default_value':'金額：{{value}}',",
ja,admin.approval.one,Approval,Approval,Approval,承認,承認,承認,承認,"'admin.approval.one':'承認',",
ja,admin.approval.other,Approvals,Approvals,Approvals,承認,承認,承認,承認,"'admin.approval.other':'承認',",
ja,admin.automation,Automations,Automations,Automations,自動化,自動化,自動化,自動化,"'admin.automation':'自動化',",
ja,admin.automation.action.add,Action,Action,Action,アクション,アクション,アクション,アクション,"'admin.automation.action.add':'アクション',",
ja,admin.automation.actions,Actions,Actions,Actions,行動,行動,行動,行動,"'admin.automation.actions':'行動',",
ja,admin.automation.assignee,Assignee,Assignee,Assignee,譲受人,譲受人,譲受人,譲受人,"'admin.automation.assignee':'譲受人',",
ja,admin.automation.categories,Categories,Categories,Categories,カテゴリー,カテゴリー,カテゴリー,カテゴリー,"'admin.automation.categories':'カテゴリー',",
ja,admin.automation.countries,Countries,Countries,Countries,国,国,国,国,"'admin.automation.countries':'国',",
ja,admin.automation.criteria,Criteria,Criteria,Criteria,基準,基準,基準,基準,"'admin.automation.criteria':'基準',",
ja,admin.automation.description,Description,Description,Description,説明,説明,説明,説明,"'admin.automation.description':'説明',",
ja,admin.automation.detail,Automation,Automation,Automation,オートメーション,オートメーション,オートメーション,オートメーション,"'admin.automation.detail':'オートメーション',",
ja,admin.automation.events,Events,Events,Events,イベント,イベント,イベント,イベント,"'admin.automation.events':'イベント',",
ja,admin.automation.filters,Filters,Filters,Filters,フィルター,フィルター,フィルター,フィルター,"'admin.automation.filters':'フィルター',",
ja,admin.automation.filtersApplied.one,There is {{count}} filter applied,There is _count}} filter applied,There is _count_var_ filter applied,適用_count_var_フィルタがあります,適用_count}}フィルタがあります,適用{{count}}フィルタがあります,適用{{count}}フィルタがあります,"'admin.automation.filtersApplied.one':'適用{{count}}フィルタがあります',",
ja,admin.automation.filtersApplied.other,There are {{count}} filters applied,There are _count}} filters applied,There are _count_var_ filters applied,適用_count_var_フィルタがあります。,適用_count}}フィルタがあります。,適用{{count}}フィルタがあります。,適用{{count}}フィルタがあります。,"'admin.automation.filtersApplied.other':'適用{{count}}フィルタがあります。',",
ja,admin.automation.locations,Locations,Locations,Locations,場所,場所,場所,場所,"'admin.automation.locations':'場所',",
ja,admin.automation.new,New Automation,New Automation,New Automation,新しいオートメーション,新しいオートメーション,新しいオートメーション,新しいオートメーション,"'admin.automation.new':'新しいオートメーション',",
ja,admin.automation.one,Automation,Automation,Automation,オートメーション,オートメーション,オートメーション,オートメーション,"'admin.automation.one':'オートメーション',",
ja,admin.automation.other,Automations,Automations,Automations,自動化,自動化,自動化,自動化,"'admin.automation.other':'自動化',",
ja,admin.automation.pf.add,Filter,Filter,Filter,フィルタ,フィルタ,フィルタ,フィルタ,"'admin.automation.pf.add':'フィルタ',",
ja,admin.automation.placeholder.available_filter,Please select a filter,Please select a filter,Please select a filter,フィルタを選択してください,フィルタを選択してください,フィルタを選択してください,フィルタを選択してください,"'admin.automation.placeholder.available_filter':'フィルタを選択してください',",
ja,admin.automation.priorities,Priorities,Priorities,Priorities,優先順位,優先順位,優先順位,優先順位,"'admin.automation.priorities':'優先順位',",
ja,admin.automation.search,Search Automations,Search Automations,Search Automations,検索自動化,検索自動化,検索自動化,検索自動化,"'admin.automation.search':'検索自動化',",
ja,admin.automation.section.details,Details,Details,Details,細部,細部,細部,細部,"'admin.automation.section.details':'細部',",
ja,admin.automation.section.filters,Filters,Filters,Filters,フィルター,フィルター,フィルター,フィルター,"'admin.automation.section.filters':'フィルター',",
ja,admin.automation.selected_in,selected in:,selected in:,selected in:,で選択：,で選択：,で選択：,で選択：,"'admin.automation.selected_in':'で選択：',",
ja,admin.automation.states,States,States,States,米国,米国,米国,米国,"'admin.automation.states':'米国',",
ja,admin.category.label.children,Sub Categories,Sub Categories,Sub Categories,サブカテゴリー,サブカテゴリー,サブカテゴリー,サブカテゴリー,"'admin.category.label.children':'サブカテゴリー',",
ja,admin.category.label.cost_amount,Cost Amount,Cost Amount,Cost Amount,コスト額,コスト額,コスト額,コスト額,"'admin.category.label.cost_amount':'コスト額',",
ja,admin.category.label.cost_code,Cost Code,Cost Code,Cost Code,コストコード,コストコード,コストコード,コストコード,"'admin.category.label.cost_code':'コストコード',",
ja,admin.category.label.cost_currency,Cost Currency,Cost Currency,Cost Currency,コスト通貨,コスト通貨,コスト通貨,コスト通貨,"'admin.category.label.cost_currency':'コスト通貨',",
ja,admin.category.label.description,Description,Description,Description,説明,説明,説明,説明,"'admin.category.label.description':'説明',",
ja,admin.category.label.general,General,General,General,一般的な,一般的な,一般的な,一般的な,"'admin.category.label.general':'一般的な',",
ja,admin.category.label.label,Label,Label,Label,ラベル,ラベル,ラベル,ラベル,"'admin.category.label.label':'ラベル',",
ja,admin.category.label.name,Name,Name,Name,名,名,名,名,"'admin.category.label.name':'名',",
ja,admin.category.label.subcategory_label,Sub Category Label,Sub Category Label,Sub Category Label,サブカテゴリーラベル,サブカテゴリーラベル,サブカテゴリーラベル,サブカテゴリーラベル,"'admin.category.label.subcategory_label':'サブカテゴリーラベル',",
ja,admin.category.labelCat.issue,Issue,Issue,Issue,問題,問題,問題,問題,"'admin.category.labelCat.issue':'問題',",
ja,admin.category.labelCat.trade,Trade,Trade,Trade,トレード,トレード,トレード,トレード,"'admin.category.labelCat.trade':'トレード',",
ja,admin.category.labelCat.type,Type,Type,Type,タイプ,タイプ,タイプ,タイプ,"'admin.category.labelCat.type':'タイプ',",
ja,admin.category.name.loss_prevention,Loss Prevention,Loss Prevention,Loss Prevention,損失防止,損失防止,損失防止,損失防止,"'admin.category.name.loss_prevention':'損失防止',",
ja,admin.category.name.maintenance,Maintenance,Maintenance,Maintenance,メンテナンス,メンテナンス,メンテナンス,メンテナンス,"'admin.category.name.maintenance':'メンテナンス',",
ja,admin.category.name.repair,Repair,Repair,Repair,修復,修復,修復,修復,"'admin.category.name.repair':'修復',",
ja,admin.category.new,New Category,New Category,New Category,新しいカテゴリ,新しいカテゴリ,新しいカテゴリ,新しいカテゴリ,"'admin.category.new':'新しいカテゴリ',",
ja,admin.category.one,Category,Category,Category,カテゴリー,カテゴリー,カテゴリー,カテゴリー,"'admin.category.one':'カテゴリー',",
ja,admin.category.other,Categories,Categories,Categories,カテゴリー,カテゴリー,カテゴリー,カテゴリー,"'admin.category.other':'カテゴリー',",
ja,admin.category.search,Search Categories,Search Categories,Search Categories,検索カテゴリー,検索カテゴリー,検索カテゴリー,検索カテゴリー,"'admin.category.search':'検索カテゴリー',",
ja,admin.category.status.active,Active,Active,Active,アクティブ,アクティブ,アクティブ,アクティブ,"'admin.category.status.active':'アクティブ',",
ja,admin.category.status.inactive,Inactive,Inactive,Inactive,非アクティブな,非アクティブな,非アクティブな,非アクティブな,"'admin.category.status.inactive':'非アクティブな',",
ja,admin.categoryType.one,Category Type,Category Type,Category Type,カテゴリータイプ,カテゴリータイプ,カテゴリータイプ,カテゴリータイプ,"'admin.categoryType.one':'カテゴリータイプ',",
ja,admin.categoryType.other,Category Types,Category Types,Category Types,カテゴリータイプ,カテゴリータイプ,カテゴリータイプ,カテゴリータイプ,"'admin.categoryType.other':'カテゴリータイプ',",
ja,admin.company.one,Company,Company,Company,会社,会社,会社,会社,"'admin.company.one':'会社',",
ja,admin.company.other,Companies,Companies,Companies,企業,企業,企業,企業,"'admin.company.other':'企業',",
ja,admin.contractor.one,Contractor,Contractor,Contractor,請負業者,請負業者,請負業者,請負業者,"'admin.contractor.one':'請負業者',",
ja,admin.contractor.other,Contractors,Contractors,Contractors,請負業者,請負業者,請負業者,請負業者,"'admin.contractor.other':'請負業者',",
ja,admin.contractorautomation.one,Contractor automation,Contractor automation,Contractor automation,請負業者の自動化,請負業者の自動化,請負業者の自動化,請負業者の自動化,"'admin.contractorautomation.one':'請負業者の自動化',",
ja,admin.contractorautomation.other,Contractor automations,Contractor automations,Contractor automations,請負業者の自動化,請負業者の自動化,請負業者の自動化,請負業者の自動化,"'admin.contractorautomation.other':'請負業者の自動化',",
ja,admin.currency.eur,EUR,EUR,EUR,ユーロ,ユーロ,ユーロ,ユーロ,"'admin.currency.eur':'ユーロ',",
ja,admin.currency.jpy,JPY,JPY,JPY,日本円,日本円,日本円,日本円,"'admin.currency.jpy':'日本円',",
ja,admin.currency.usd,USD,USD,USD,米ドル,米ドル,米ドル,米ドル,"'admin.currency.usd':'米ドル',",
ja,admin.dt.requester,Requester,Requester,Requester,リクエスタ,リクエスタ,リクエスタ,リクエスタ,"'admin.dt.requester':'リクエスタ',",
ja,admin.dtd.detail,Detail,Detail,Detail,詳細,詳細,詳細,詳細,"'admin.dtd.detail':'詳細',",
ja,admin.dtd.empty-detail,Select a definition to get started,Select a definition to get started,Select a definition to get started,始めるために定義を選択,始めるために定義を選択,始めるために定義を選択,始めるために定義を選択,"'admin.dtd.empty-detail':'始めるために定義を選択',",
ja,admin.dtd.field.add,Add Field,Add Field,Add Field,フィールドを追加,フィールドを追加,フィールドを追加,フィールドを追加,"'admin.dtd.field.add':'フィールドを追加',",
ja,admin.dtd.label.description,Description,Description,Description,説明,説明,説明,説明,"'admin.dtd.label.description':'説明',",
ja,admin.dtd.label.destination,Destination,Destination,Destination,先,先,先,先,"'admin.dtd.label.destination':'先',",
ja,admin.dtd.label.field_type,Field Type,Field Type,Field Type,フィールドタイプ,フィールドタイプ,フィールドタイプ,フィールドタイプ,"'admin.dtd.label.field_type':'フィールドタイプ',",
ja,admin.dtd.label.field.asset_select,Asset select,Asset select,Asset select,[資産]を選択,[資産]を選択,[資産]を選択,[資産]を選択,"'admin.dtd.label.field.asset_select':'[資産]を選択',",
ja,admin.dtd.label.field.check_in,Check in,Check in,Check in,チェックイン,チェックイン,チェックイン,チェックイン,"'admin.dtd.label.field.check_in':'チェックイン',",
ja,admin.dtd.label.field.check_out,Check out,Check out,Check out,チェックアウト,チェックアウト,チェックアウト,チェックアウト,"'admin.dtd.label.field.check_out':'チェックアウト',",
ja,admin.dtd.label.field.checkbox,Checkbox,Checkbox,Checkbox,チェックボックス,チェックボックス,チェックボックス,チェックボックス,"'admin.dtd.label.field.checkbox':'チェックボックス',",
ja,admin.dtd.label.field.file,File,File,File,ファイル,ファイル,ファイル,ファイル,"'admin.dtd.label.field.file':'ファイル',",
ja,admin.dtd.label.field.number,Number,Number,Number,数,数,数,数,"'admin.dtd.label.field.number':'数',",
ja,admin.dtd.label.field.select,Select,Select,Select,選択します,選択します,選択します,選択します,"'admin.dtd.label.field.select':'選択します',",
ja,admin.dtd.label.field.text,Text,Text,Text,テキスト,テキスト,テキスト,テキスト,"'admin.dtd.label.field.text':'テキスト',",
ja,admin.dtd.label.field.textarea,Textarea,Textarea,Textarea,テキストエリア,テキストエリア,テキストエリア,テキストエリア,"'admin.dtd.label.field.textarea':'テキストエリア',",
ja,admin.dtd.label.field.with_options,With options,With options,With options,オプション付き,オプション付き,オプション付き,オプション付き,"'admin.dtd.label.field.with_options':'オプション付き',",
ja,admin.dtd.label.fields,Fields,Fields,Fields,フィールズ,フィールズ,フィールズ,フィールズ,"'admin.dtd.label.fields':'フィールズ',",
ja,admin.dtd.label.files,Files,Files,Files,ファイル,ファイル,ファイル,ファイル,"'admin.dtd.label.files':'ファイル',",
ja,admin.dtd.label.key,Key,Key,Key,キー,キー,キー,キー,"'admin.dtd.label.key':'キー',",
ja,admin.dtd.label.label,Label,Label,Label,ラベル,ラベル,ラベル,ラベル,"'admin.dtd.label.label':'ラベル',",
ja,admin.dtd.label.link_type,Link Type,Link Type,Link Type,リンク型,リンク型,リンク型,リンク型,"'admin.dtd.label.link_type':'リンク型',",
ja,admin.dtd.label.link.action_button,Action Button,Action Button,Action Button,アクションボタン,アクションボタン,アクションボタン,アクションボタン,"'admin.dtd.label.link.action_button':'アクションボタン',",
ja,admin.dtd.label.link.is_header,Is Header,Is Header,Is Header,ヘッダーです,ヘッダーです,ヘッダーです,ヘッダーです,"'admin.dtd.label.link.is_header':'ヘッダーです',",
ja,admin.dtd.label.link.priority,Priority,Priority,Priority,優先,優先,優先,優先,"'admin.dtd.label.link.priority':'優先',",
ja,admin.dtd.label.link.request,Request,Request,Request,要求,要求,要求,要求,"'admin.dtd.label.link.request':'要求',",
ja,admin.dtd.label.link.status,Status,Status,Status,状態,状態,状態,状態,"'admin.dtd.label.link.status':'状態',",
ja,admin.dtd.label.link.text,Text,Text,Text,テキスト,テキスト,テキスト,テキスト,"'admin.dtd.label.link.text':'テキスト',",
ja,admin.dtd.label.links,Links,Links,Links,リンクス,リンクス,リンクス,リンクス,"'admin.dtd.label.links':'リンクス',",
ja,admin.dtd.label.note,Note,Note,Note,注意,注意,注意,注意,"'admin.dtd.label.note':'注意',",
ja,admin.dtd.label.note_type,Note Type,Note Type,Note Type,（注）タイプ,（注）タイプ,（注）タイプ,（注）タイプ,"'admin.dtd.label.note_type':'（注）タイプ',",
ja,admin.dtd.label.option_text,Option Text,Option Text,Option Text,オプションテキスト,オプションテキスト,オプションテキスト,オプションテキスト,"'admin.dtd.label.option_text':'オプションテキスト',",
ja,admin.dtd.label.options,Options,Options,Options,オプション,オプション,オプション,オプション,"'admin.dtd.label.options':'オプション',",
ja,admin.dtd.label.prompt,Prompt,Prompt,Prompt,プロンプト,プロンプト,プロンプト,プロンプト,"'admin.dtd.label.prompt':'プロンプト',",
ja,admin.dtd.label.required,Required,Required,Required,必須,必須,必須,必須,"'admin.dtd.label.required':'必須',",
ja,admin.dtd.link_type.buttons,Button,Button,Button,ボタン,ボタン,ボタン,ボタン,"'admin.dtd.link_type.buttons':'ボタン',",
ja,admin.dtd.link_type.links,List,List,List,リスト,リスト,リスト,リスト,"'admin.dtd.link_type.links':'リスト',",
ja,admin.dtd.link.add,Add Link,Add Link,Add Link,リンクを追加します,リンクを追加します,リンクを追加します,リンクを追加します,"'admin.dtd.link.add':'リンクを追加します',",
ja,admin.dtd.list,List,List,List,リスト,リスト,リスト,リスト,"'admin.dtd.list':'リスト',",
ja,admin.dtd.new,New,New,New,新しい,新しい,新しい,新しい,"'admin.dtd.new':'新しい',",
ja,admin.dtd.note_type.danger,Danger,Danger,Danger,危険,危険,危険,危険,"'admin.dtd.note_type.danger':'危険',",
ja,admin.dtd.note_type.info,Info,Info,Info,インフォ,インフォ,インフォ,インフォ,"'admin.dtd.note_type.info':'インフォ',",
ja,admin.dtd.note_type.success,Success,Success,Success,成功,成功,成功,成功,"'admin.dtd.note_type.success':'成功',",
ja,admin.dtd.note_type.warning,Warning,Warning,Warning,警告,警告,警告,警告,"'admin.dtd.note_type.warning':'警告',",
ja,admin.dtd.one,Decision Tree,Decision Tree,Decision Tree,決定木,決定木,決定木,決定木,"'admin.dtd.one':'決定木',",
ja,admin.dtd.option.add,Add Option,Add Option,Add Option,オプションを追加,オプションを追加,オプションを追加,オプションを追加,"'admin.dtd.option.add':'オプションを追加',",
ja,admin.dtd.other,Decision Tree,Decision Tree,Decision Tree,決定木,決定木,決定木,決定木,"'admin.dtd.other':'決定木',",
ja,admin.dtd.preview,Preview,Preview,Preview,プレビュー,プレビュー,プレビュー,プレビュー,"'admin.dtd.preview':'プレビュー',",
ja,admin.dtd.search,Search Definitions,Search Definitions,Search Definitions,検索の定義,検索の定義,検索の定義,検索の定義,"'admin.dtd.search':'検索の定義',",
ja,admin.dtd.title.display,Display,Display,Display,表示,表示,表示,表示,"'admin.dtd.title.display':'表示',",
ja,admin.dtd.title.fields,Fields,Fields,Fields,フィールズ,フィールズ,フィールズ,フィールズ,"'admin.dtd.title.fields':'フィールズ',",
ja,admin.dtd.title.navigation,Navigation,Navigation,Navigation,ナビゲーション,ナビゲーション,ナビゲーション,ナビゲーション,"'admin.dtd.title.navigation':'ナビゲーション',",
ja,admin.email.add,Add Email,Add Email,Add Email,メールを追加,メールを追加,メールを追加,メールを追加,"'admin.email.add':'メールを追加',",
ja,admin.emailtype.location,Location,Location,Location,ロケーション,ロケーション,ロケーション,ロケーション,"'admin.emailtype.location':'ロケーション',",
ja,admin.emailtype.personal,Personal,Personal,Personal,個人的な,個人的な,個人的な,個人的な,"'admin.emailtype.personal':'個人的な',",
ja,admin.emailtype.sms,SMS,SMS,SMS,SMS,SMS,SMS,SMS,"'admin.emailtype.sms':'SMS',",
ja,admin.emailtype.work,Work,Work,Work,作業,作業,作業,作業,"'admin.emailtype.work':'作業',",
ja,admin.general.one,Tenant,Tenant,Tenant,テナント,テナント,テナント,テナント,"'admin.general.one':'テナント',",
ja,admin.general.other,Tenants,Tenants,Tenants,テナント,テナント,テナント,テナント,"'admin.general.other':'テナント',",
ja,admin.invoice.draft,Draft,Draft,Draft,ドラフト,ドラフト,ドラフト,ドラフト,"'admin.invoice.draft':'ドラフト',",
ja,admin.invoice.new,New,New,New,新しい,新しい,新しい,新しい,"'admin.invoice.new':'新しい',",
ja,admin.invoice.select_assign.all,All,All,All,すべて,すべて,すべて,すべて,"'admin.invoice.select_assign.all':'すべて',",
ja,admin.invoice.select_assign.managers,Managers,Managers,Managers,マネージャー,マネージャー,マネージャー,マネージャー,"'admin.invoice.select_assign.managers':'マネージャー',",
ja,admin.locale.en,English,English,English,英語,英語,英語,英語,"'admin.locale.en':'英語',",
ja,admin.locale.english,English,English,English,英語,英語,英語,英語,"'admin.locale.english':'英語',",
ja,admin.locale.es,Spanish,Spanish,Spanish,スペイン語,スペイン語,スペイン語,スペイン語,"'admin.locale.es':'スペイン語',",
ja,admin.locale.fr,French,French,French,フランス語,フランス語,フランス語,フランス語,"'admin.locale.fr':'フランス語',",
ja,admin.locale.ja,Japanese,Japanese,Japanese,日本語,日本語,日本語,日本語,"'admin.locale.ja':'日本語',",
ja,admin.locale.spanish,Spanish,Spanish,Spanish,スペイン語,スペイン語,スペイン語,スペイン語,"'admin.locale.spanish':'スペイン語',",
ja,admin.locale.zh-cn,Chinese,Chinese,Chinese,中国語,中国語,中国語,中国語,"'admin.locale.zh-cn':'中国語',",
ja,admin.location.label.address.one,Address,Address,Address,住所,住所,住所,住所,"'admin.location.label.address.one':'住所',",
ja,admin.location.label.address.other,Addresses,Addresses,Addresses,アドレス,アドレス,アドレス,アドレス,"'admin.location.label.address.other':'アドレス',",
ja,admin.location.label.children-name,Child Locations,Child Locations,Child Locations,子供の場所,子供の場所,子供の場所,子供の場所,"'admin.location.label.children-name':'子供の場所',",
ja,admin.location.label.contact,Contact,Contact,Contact,接触,接触,接触,接触,"'admin.location.label.contact':'接触',",
ja,admin.location.label.email.one,Email,Email,Email,Eメール,Eメール,Eメール,Eメール,"'admin.location.label.email.one':'Eメール',",
ja,admin.location.label.email.other,Email,Email,Email,Eメール,Eメール,Eメール,Eメール,"'admin.location.label.email.other':'Eメール',",
ja,admin.location.label.general,General,General,General,一般的な,一般的な,一般的な,一般的な,"'admin.location.label.general':'一般的な',",
ja,admin.location.label.location_level,Organizational Level,Organizational Level,Organizational Level,構成レベル,構成レベル,構成レベル,構成レベル,"'admin.location.label.location_level':'構成レベル',",
ja,admin.location.label.name,Name,Name,Name,名,名,名,名,"'admin.location.label.name':'名',",
ja,admin.location.label.number,Number,Number,Number,数,数,数,数,"'admin.location.label.number':'数',",
ja,admin.location.label.parents-name,Parent Locations,Parent Locations,Parent Locations,親の場所,親の場所,親の場所,親の場所,"'admin.location.label.parents-name':'親の場所',",
ja,admin.location.label.phone_number.one,Phone Number,Phone Number,Phone Number,電話番号,電話番号,電話番号,電話番号,"'admin.location.label.phone_number.one':'電話番号',",
ja,admin.location.label.phone_number.other,Phone Numbers,Phone Numbers,Phone Numbers,電話番号,電話番号,電話番号,電話番号,"'admin.location.label.phone_number.other':'電話番号',",
ja,admin.location.label.status-name,Status,Status,Status,状態,状態,状態,状態,"'admin.location.label.status-name':'状態',",
ja,admin.location.one,Location,Location,Location,ロケーション,ロケーション,ロケーション,ロケーション,"'admin.location.one':'ロケーション',",
ja,admin.location.other,Locations,Locations,Locations,場所,場所,場所,場所,"'admin.location.other':'場所',",
ja,admin.location.search,Search Locations,Search Locations,Search Locations,検索場所,検索場所,検索場所,検索場所,"'admin.location.search':'検索場所',",
ja,admin.location.status.closed,Closed,Closed,Closed,閉まっている,閉まっている,閉まっている,閉まっている,"'admin.location.status.closed':'閉まっている',",
ja,admin.location.status.future,Future,Future,Future,未来,未来,未来,未来,"'admin.location.status.future':'未来',",
ja,admin.location.status.open,Open,Open,Open,開いた,開いた,開いた,開いた,"'admin.location.status.open':'開いた',",
ja,admin.locationlevel.company,Company,Company,Company,会社,会社,会社,会社,"'admin.locationlevel.company':'会社',",
ja,admin.locationlevel.department,Department,Department,Department,部門,部門,部門,部門,"'admin.locationlevel.department':'部門',",
ja,admin.locationlevel.district,District,District,District,地区,地区,地区,地区,"'admin.locationlevel.district':'地区',",
ja,admin.locationlevel.fmd,Facility Management District,Facility Management District,Facility Management District,施設管理区,施設管理区,施設管理区,施設管理区,"'admin.locationlevel.fmd':'施設管理区',",
ja,admin.locationlevel.fmu,Facility Management Region,Facility Management Region,Facility Management Region,ファシリティマネジメントリージョン,ファシリティマネジメントリージョン,ファシリティマネジメントリージョン,ファシリティマネジメントリージョン,"'admin.locationlevel.fmu':'ファシリティマネジメントリージョン',",
ja,admin.locationlevel.label.childOrg,Child Organization(s),Child Organization(s),Child Organization(s),子機構（複数可）,子機構（複数可）,子機構（複数可）,子機構（複数可）,"'admin.locationlevel.label.childOrg':'子機構（複数可）',",
ja,admin.locationlevel.label.general,General,General,General,一般的な,一般的な,一般的な,一般的な,"'admin.locationlevel.label.general':'一般的な',",
ja,admin.locationlevel.label.name,Name,Name,Name,名,名,名,名,"'admin.locationlevel.label.name':'名',",
ja,admin.locationlevel.new,New Location Level,New Location Level,New Location Level,新しい場所レベル,新しい場所レベル,新しい場所レベル,新しい場所レベル,"'admin.locationlevel.new':'新しい場所レベル',",
ja,admin.locationlevel.one,Location Level,Location Level,Location Level,場所レベル,場所レベル,場所レベル,場所レベル,"'admin.locationlevel.one':'場所レベル',",
ja,admin.locationlevel.other,Location Levels,Location Levels,Location Levels,場所レベル,場所レベル,場所レベル,場所レベル,"'admin.locationlevel.other':'場所レベル',",
ja,admin.locationlevel.region,Region,Region,Region,領域,領域,領域,領域,"'admin.locationlevel.region':'領域',",
ja,admin.locationlevel.search,Search Location Levels,Search Location Levels,Search Location Levels,検索場所レベル,検索場所レベル,検索場所レベル,検索場所レベル,"'admin.locationlevel.search':'検索場所レベル',",
ja,admin.locationlevel.store,Store,Store,Store,格納,格納,格納,格納,"'admin.locationlevel.store':'格納',",
ja,admin.notification.one,Notification Profile,Notification Profile,Notification Profile,通知プロファイル,通知プロファイル,通知プロファイル,通知プロファイル,"'admin.notification.one':'通知プロファイル',",
ja,admin.notification.other,Notification Profiles,Notification Profiles,Notification Profiles,通知プロファイル,通知プロファイル,通知プロファイル,通知プロファイル,"'admin.notification.other':'通知プロファイル',",
ja,admin.person.label.address,Address,Address,Address,住所,住所,住所,住所,"'admin.person.label.address':'住所',",
ja,admin.person.label.auth_amount,Auth. Amount,Auth. Amount,Auth. Amount,認証。量,認証。量,認証。量,認証。量,"'admin.person.label.auth_amount':'認証。量',",
ja,admin.person.label.change_password,Change,Change,Change,変化する,変化する,変化する,変化する,"'admin.person.label.change_password':'変化する',",
ja,admin.person.label.contact,Contact,Contact,Contact,接触,接触,接触,接触,"'admin.person.label.contact':'接触',",
ja,admin.person.label.credentials,Credentials,Credentials,Credentials,資格情報,資格情報,資格情報,資格情報,"'admin.person.label.credentials':'資格情報',",
ja,admin.person.label.email,Email,Email,Email,Eメール,Eメール,Eメール,Eメール,"'admin.person.label.email':'Eメール',",
ja,admin.person.label.employee_id,Employee No.,Employee No.,Employee No.,従業員番号,従業員番号,従業員番号,従業員番号,"'admin.person.label.employee_id':'従業員番号',",
ja,admin.person.label.first_name,First Name,First Name,First Name,ファーストネーム,ファーストネーム,ファーストネーム,ファーストネーム,"'admin.person.label.first_name':'ファーストネーム',",
ja,admin.person.label.fullname,Name,Name,Name,名,名,名,名,"'admin.person.label.fullname':'名',",
ja,admin.person.label.general,General,General,General,一般的な,一般的な,一般的な,一般的な,"'admin.person.label.general':'一般的な',",
ja,admin.person.label.language,Language,Language,Language,言語,言語,言語,言語,"'admin.person.label.language':'言語',",
ja,admin.person.label.last_name,Last Name,Last Name,Last Name,苗字,苗字,苗字,苗字,"'admin.person.label.last_name':'苗字',",
ja,admin.person.label.location,Location,Location,Location,ロケーション,ロケーション,ロケーション,ロケーション,"'admin.person.label.location':'ロケーション',",
ja,admin.person.label.middle_initial,Middle Initial,Middle Initial,Middle Initial,ミドルネームのイニシャル,ミドルネームのイニシャル,ミドルネームのイニシャル,ミドルネームのイニシャル,"'admin.person.label.middle_initial':'ミドルネームのイニシャル',",
ja,admin.person.label.password,Password,Password,Password,パスワード,パスワード,パスワード,パスワード,"'admin.person.label.password':'パスワード',",
ja,admin.person.label.phone_number_region,Phone Number Region,Phone Number Region,Phone Number Region,電話番号リージョン,電話番号リージョン,電話番号リージョン,電話番号リージョン,"'admin.person.label.phone_number_region':'電話番号リージョン',",
ja,admin.person.label.phone_number.one,Phone Number,Phone Number,Phone Number,電話番号,電話番号,電話番号,電話番号,"'admin.person.label.phone_number.one':'電話番号',",
ja,admin.person.label.phone_number.other,Phone Numbers,Phone Numbers,Phone Numbers,電話番号,電話番号,電話番号,電話番号,"'admin.person.label.phone_number.other':'電話番号',",
ja,admin.person.label.role-name,Role,Role,Role,役割,役割,役割,役割,"'admin.person.label.role-name':'役割',",
ja,admin.person.label.settings,Settings,Settings,Settings,設定,設定,設定,設定,"'admin.person.label.settings':'設定',",
ja,admin.person.label.status,Status,Status,Status,状態,状態,状態,状態,"'admin.person.label.status':'状態',",
ja,admin.person.label.title,Title,Title,Title,タイトル,タイトル,タイトル,タイトル,"'admin.person.label.title':'タイトル',",
ja,admin.person.label.username,Username,Username,Username,ユーザー名,ユーザー名,ユーザー名,ユーザー名,"'admin.person.label.username':'ユーザー名',",
ja,admin.person.new,New Person,New Person,New Person,新しい人,新しい人,新しい人,新しい人,"'admin.person.new':'新しい人',",
ja,admin.person.one,Person,Person,Person,人,人,人,人,"'admin.person.one':'人',",
ja,admin.person.other,People,People,People,人,人,人,人,"'admin.person.other':'人',",
ja,admin.person.search,Search People,Search People,Search People,検索人,検索人,検索人,検索人,"'admin.person.search':'検索人',",
ja,admin.person.section.contact,Contact,Contact,Contact,接触,接触,接触,接触,"'admin.person.section.contact':'接触',",
ja,admin.person.section.credentials,Credentials,Credentials,Credentials,資格情報,資格情報,資格情報,資格情報,"'admin.person.section.credentials':'資格情報',",
ja,admin.person.section.details,Details,Details,Details,細部,細部,細部,細部,"'admin.person.section.details':'細部',",
ja,admin.person.status.active,Active,Active,Active,アクティブ,アクティブ,アクティブ,アクティブ,"'admin.person.status.active':'アクティブ',",
ja,admin.person.status.expired,Expired,Expired,Expired,期限切れの,期限切れの,期限切れの,期限切れの,"'admin.person.status.expired':'期限切れの',",
ja,admin.person.status.inactive,Inactive,Inactive,Inactive,非アクティブな,非アクティブな,非アクティブな,非アクティブな,"'admin.person.status.inactive':'非アクティブな',",
ja,admin.person.unique_username,Username {{value}} is already taken,Username _value}} is already taken,Username _value_var_ is already taken,ユーザー名_value_var_は既に使用されて,ユーザー名_value}}は既に使用されて,ユーザー名{{value}}は既に使用されて,ユーザー名{{value}}は既に使用されて,"'admin.person.unique_username':'ユーザー名{{value}}は既に使用されて',",
ja,admin.phone.add,Add Phone Number,Add Phone Number,Add Phone Number,電話番号を追加します。,電話番号を追加します。,電話番号を追加します。,電話番号を追加します。,"'admin.phone.add':'電話番号を追加します。',",
ja,admin.phone.number,Phone Number,Phone Number,Phone Number,電話番号,電話番号,電話番号,電話番号,"'admin.phone.number':'電話番号',",
ja,admin.phone.numbers,Phone Numbers,Phone Numbers,Phone Numbers,電話番号,電話番号,電話番号,電話番号,"'admin.phone.numbers':'電話番号',",
ja,admin.phonenumbertype.cell,Cell,Cell,Cell,細胞,細胞,細胞,細胞,"'admin.phonenumbertype.cell':'細胞',",
ja,admin.phonenumbertype.fax,Fax,Fax,Fax,ファックス,ファックス,ファックス,ファックス,"'admin.phonenumbertype.fax':'ファックス',",
ja,admin.phonenumbertype.mobile,Mobile,Mobile,Mobile,モバイル,モバイル,モバイル,モバイル,"'admin.phonenumbertype.mobile':'モバイル',",
ja,admin.phonenumbertype.office,Office,Office,Office,オフィス,オフィス,オフィス,オフィス,"'admin.phonenumbertype.office':'オフィス',",
ja,admin.phonenumbertype.telephone,Telephone,Telephone,Telephone,電話,電話,電話,電話,"'admin.phonenumbertype.telephone':'電話',",
ja,admin.placeholder.auto_assign,All Tickets,All Tickets,All Tickets,全席,全席,全席,全席,"'admin.placeholder.auto_assign':'全席',",
ja,admin.placeholder.available_filter,Add Filter,Add Filter,Add Filter,フィルタを追加,フィルタを追加,フィルタを追加,フィルタを追加,"'admin.placeholder.available_filter':'フィルタを追加',",
ja,admin.placeholder.available_filter.location,Add Locations...,Add Locations...,Add Locations...,場所を追加...,場所を追加...,場所を追加...,場所を追加...,"'admin.placeholder.available_filter.location':'場所を追加...',",
ja,admin.placeholder.available_filter.priority,Add Priorities...,Add Priorities...,Add Priorities...,優先順位を追加...,優先順位を追加...,優先順位を追加...,優先順位を追加...,"'admin.placeholder.available_filter.priority':'優先順位を追加...',",
ja,admin.placeholder.category_filter,Category,Category,Category,カテゴリー,カテゴリー,カテゴリー,カテゴリー,"'admin.placeholder.category_filter':'カテゴリー',",
ja,admin.placeholder.category_filter_select,Select Categories,Select Categories,Select Categories,カテゴリーを選択,カテゴリーを選択,カテゴリーを選択,カテゴリーを選択,"'admin.placeholder.category_filter_select':'カテゴリーを選択',",
ja,admin.placeholder.country_filter,Country,Country,Country,国,国,国,国,"'admin.placeholder.country_filter':'国',",
ja,admin.placeholder.country_filter_select,Select Countries,Select Countries,Select Countries,国を選択,国を選択,国を選択,国を選択,"'admin.placeholder.country_filter_select':'国を選択',",
ja,admin.placeholder.location_filter_select,Select Locations,Select Locations,Select Locations,場所を選択,場所を選択,場所を選択,場所を選択,"'admin.placeholder.location_filter_select':'場所を選択',",
ja,admin.placeholder.priority_filter_select,Select Priorities,Select Priorities,Select Priorities,優先順位を選択します,優先順位を選択します,優先順位を選択します,優先順位を選択します,"'admin.placeholder.priority_filter_select':'優先順位を選択します',",
ja,admin.placeholder.state_filter,State,State,State,状態,状態,状態,状態,"'admin.placeholder.state_filter':'状態',",
ja,admin.placeholder.state_filter_select,Select States,Select States,Select States,国を選択,国を選択,国を選択,国を選択,"'admin.placeholder.state_filter_select':'国を選択',",
ja,admin.placeholder.ticket_priority,Priority,Priority,Priority,優先,優先,優先,優先,"'admin.placeholder.ticket_priority':'優先',",
ja,admin.role.label.category,Category,Category,Category,カテゴリー,カテゴリー,カテゴリー,カテゴリー,"'admin.role.label.category':'カテゴリー',",
ja,admin.role.label.general,General,General,General,一般的な,一般的な,一般的な,一般的な,"'admin.role.label.general':'一般的な',",
ja,admin.role.label.location_level,Location Organization,Location Organization,Location Organization,場所組織,場所組織,場所組織,場所組織,"'admin.role.label.location_level':'場所組織',",
ja,admin.role.label.name,Role Name,Role Name,Role Name,役割名称,役割名称,役割名称,役割名称,"'admin.role.label.name':'役割名称',",
ja,admin.role.label.number_users,# of People,# of People,# of People,＃ 人の,＃ 人の,＃ 人の,＃ 人の,"'admin.role.label.number_users':'＃ 人の',",
ja,admin.role.label.role_type,Role Type,Role Type,Role Type,役割型,役割型,役割型,役割型,"'admin.role.label.role_type':'役割型',",
ja,admin.role.label.settings,Settings,Settings,Settings,設定,設定,設定,設定,"'admin.role.label.settings':'設定',",
ja,admin.role.new,New Role,New Role,New Role,新しい役割,新しい役割,新しい役割,新しい役割,"'admin.role.new':'新しい役割',",
ja,admin.role.one,Role,Role,Role,役割,役割,役割,役割,"'admin.role.one':'役割',",
ja,admin.role.other,Roles,Roles,Roles,役割,役割,役割,役割,"'admin.role.other':'役割',",
ja,admin.role.search,Search Role,Search Role,Search Role,検索の役割,検索の役割,検索の役割,検索の役割,"'admin.role.search':'検索の役割',",
ja,admin.role.section.detail,Role Details,Role Details,Role Details,役割の詳細,役割の詳細,役割の詳細,役割の詳細,"'admin.role.section.detail':'役割の詳細',",
ja,admin.role.section.settings,Role Settings,Role Settings,Role Settings,役割の設定,役割の設定,役割の設定,役割の設定,"'admin.role.section.settings':'役割の設定',",
ja,admin.role.type.internal,Internal,Internal,Internal,内部,内部,内部,内部,"'admin.role.type.internal':'内部',",
ja,admin.role.type.third_party,Third Party,Third Party,Third Party,第三者,第三者,第三者,第三者,"'admin.role.type.third_party':'第三者',",
ja,admin.setting.company_code,Company Code,Company Code,Company Code,会社コード,会社コード,会社コード,会社コード,"'admin.setting.company_code':'会社コード',",
ja,admin.setting.company_name,Company Name,Company Name,Company Name,会社名,会社名,会社名,会社名,"'admin.setting.company_name':'会社名',",
ja,admin.setting.create_all,Create All,Create All,Create All,すべてを作成します。,すべてを作成します。,すべてを作成します。,すべてを作成します。,"'admin.setting.create_all':'すべてを作成します。',",
ja,admin.setting.dashboard_text,Welcome Message,Welcome Message,Welcome Message,ウェルカムメッセージ,ウェルカムメッセージ,ウェルカムメッセージ,ウェルカムメッセージ,"'admin.setting.dashboard_text':'ウェルカムメッセージ',",
ja,admin.setting.dt_start_key,Start,Start,Start,開始,開始,開始,開始,"'admin.setting.dt_start_key':'開始',",
ja,admin.setting.exchange_rates,Exchange Rates,Exchange Rates,Exchange Rates,為替相場,為替相場,為替相場,為替相場,"'admin.setting.exchange_rates':'為替相場',",
ja,admin.setting.login_grace,Login Grace,Login Grace,Login Grace,ログイングレース,ログイングレース,ログイングレース,ログイングレース,"'admin.setting.login_grace':'ログイングレース',",
ja,admin.setting.modules,Modules,Modules,Modules,モジュール,モジュール,モジュール,モジュール,"'admin.setting.modules':'モジュール',",
ja,admin.setting.modules.invoices,Invoices,Invoices,Invoices,請求書,請求書,請求書,請求書,"'admin.setting.modules.invoices':'請求書',",
ja,admin.setting.modules.tickets,Tickets,Tickets,Tickets,切符売場,切符売場,切符売場,切符売場,"'admin.setting.modules.tickets':'切符売場',",
ja,admin.setting.modules.work_orders,Work Orders,Work Orders,Work Orders,作業指示,作業指示,作業指示,作業指示,"'admin.setting.modules.work_orders':'作業指示',",
ja,admin.setting.name.general,General Settings,General Settings,General Settings,一般設定,一般設定,一般設定,一般設定,"'admin.setting.name.general':'一般設定',",
ja,admin.setting.name.person,Person Settings,Person Settings,Person Settings,人物の設定,人物の設定,人物の設定,人物の設定,"'admin.setting.name.person':'人物の設定',",
ja,admin.setting.name.role,Role Settings,Role Settings,Role Settings,役割の設定,役割の設定,役割の設定,役割の設定,"'admin.setting.name.role':'役割の設定',",
ja,admin.setting.one,Setting,Setting,Setting,設定,設定,設定,設定,"'admin.setting.one':'設定',",
ja,admin.setting.other,Settings,Settings,Settings,設定,設定,設定,設定,"'admin.setting.other':'設定',",
ja,admin.setting.password_one_time,One Time Password,One Time Password,One Time Password,ワンタイムパスワード,ワンタイムパスワード,ワンタイムパスワード,ワンタイムパスワード,"'admin.setting.password_one_time':'ワンタイムパスワード',",
ja,admin.setting.test_contractor_email,Test Contractor Email,Test Contractor Email,Test Contractor Email,テスト請負業者メール,テスト請負業者メール,テスト請負業者メール,テスト請負業者メール,"'admin.setting.test_contractor_email':'テスト請負業者メール',",
ja,admin.setting.test_contractor_phone,Test Contractor Phone,Test Contractor Phone,Test Contractor Phone,テスト請負業者の電話番号,テスト請負業者の電話番号,テスト請負業者の電話番号,テスト請負業者の電話番号,"'admin.setting.test_contractor_phone':'テスト請負業者の電話番号',",
ja,admin.setting.test_mode,Test Mode,Test Mode,Test Mode,テストモード,テストモード,テストモード,テストモード,"'admin.setting.test_mode':'テストモード',",
ja,admin.template.one,Template,Template,Template,テンプレート,テンプレート,テンプレート,テンプレート,"'admin.template.one':'テンプレート',",
ja,admin.template.other,Templates,Templates,Templates,テンプレート,テンプレート,テンプレート,テンプレート,"'admin.template.other':'テンプレート',",
ja,admin.tenant.billing,Billing,Billing,Billing,請求,請求,請求,請求,"'admin.tenant.billing':'請求',",
ja,admin.tenant.billing,Billing,Billing,Billing,請求,請求,請求,請求,"'admin.tenant.billing':'請求',",
ja,admin.tenant.billing_address,Billing Address,Billing Address,Billing Address,請求先住所,請求先住所,請求先住所,請求先住所,"'admin.tenant.billing_address':'請求先住所',",
ja,admin.tenant.billing_email,Billing Email,Billing Email,Billing Email,請求メール,請求メール,請求メール,請求メール,"'admin.tenant.billing_email':'請求メール',",
ja,admin.tenant.billing_phonenumber,Billing Phone Number,Billing Phone Number,Billing Phone Number,課金電話番号,課金電話番号,課金電話番号,課金電話番号,"'admin.tenant.billing_phonenumber':'課金電話番号',",
ja,admin.tenant.countries,Countries,Countries,Countries,国,国,国,国,"'admin.tenant.countries':'国',",
ja,admin.tenant.currency,Currency,Currency,Currency,通貨,通貨,通貨,通貨,"'admin.tenant.currency':'通貨',",
ja,admin.tenant.implementation,Implementation,Implementation,Implementation,実装,実装,実装,実装,"'admin.tenant.implementation':'実装',",
ja,admin.tenant.implementation,Implementation,Implementation,Implementation,実装,実装,実装,実装,"'admin.tenant.implementation':'実装',",
ja,admin.tenant.implementation_contact,Implementation Contact,Implementation Contact,Implementation Contact,実装の連絡先,実装の連絡先,実装の連絡先,実装の連絡先,"'admin.tenant.implementation_contact':'実装の連絡先',",
ja,admin.tenant.implementation_email,Implementation Email,Implementation Email,Implementation Email,実装のメール,実装のメール,実装のメール,実装のメール,"'admin.tenant.implementation_email':'実装のメール',",
ja,admin.third_party.label.name,Name,Name,Name,名,名,名,名,"'admin.third_party.label.name':'名',",
ja,admin.third_party.label.number,Number,Number,Number,数,数,数,数,"'admin.third_party.label.number':'数',",
ja,admin.third_party.status.active,Inactive,Inactive,Inactive,非アクティブな,非アクティブな,非アクティブな,非アクティブな,"'admin.third_party.status.active':'非アクティブな',",
ja,admin.third_party.status.inactive,Active,Active,Active,アクティブ,アクティブ,アクティブ,アクティブ,"'admin.third_party.status.inactive':'アクティブ',",
ja,admin.ticket.requester.placeholder,Requester,Requester,Requester,リクエスタ,リクエスタ,リクエスタ,リクエスタ,"'admin.ticket.requester.placeholder':'リクエスタ',",
ja,admin.title,Admin,Admin,Admin,管理者,管理者,管理者,管理者,"'admin.title':'管理者',",
ja,admin.translation.label.helper,Helper,Helper,Helper,ヘルパー,ヘルパー,ヘルパー,ヘルパー,"'admin.translation.label.helper':'ヘルパー',",
ja,admin.translation.label.key,Key,Key,Key,キー,キー,キー,キー,"'admin.translation.label.key':'キー',",
ja,admin.translation.label.translation,Translation,Translation,Translation,翻訳,翻訳,翻訳,翻訳,"'admin.translation.label.translation':'翻訳',",
ja,admin.translation.one,Translation,Translation,Translation,翻訳,翻訳,翻訳,翻訳,"'admin.translation.one':'翻訳',",
ja,admin.translation.other,Translations,Translations,Translations,翻訳,翻訳,翻訳,翻訳,"'admin.translation.other':'翻訳',",
ja,admin.translation.search,Search Translations,Search Translations,Search Translations,検索翻訳,検索翻訳,検索翻訳,検索翻訳,"'admin.translation.search':'検索翻訳',",
ja,admin.work_order.close.checked,Checked,Checked,Checked,チェック,チェック,チェック,チェック,"'admin.work_order.close.checked':'チェック',",
ja,admin.work_order.close.do_not_display,Do not display,Do not display,Do not display,表示しません,表示しません,表示しません,表示しません,"'admin.work_order.close.do_not_display':'表示しません',",
ja,admin.work_order.close.unchecked,Unchecked,Unchecked,Unchecked,チェックなし,チェックなし,チェックなし,チェックなし,"'admin.work_order.close.unchecked':'チェックなし',",
ja,attachment.fail,File failed to upload,File failed to upload,File failed to upload,ファイルをアップロードできませんでした,ファイルをアップロードできませんでした,ファイルをアップロードできませんでした,ファイルをアップロードできませんでした,"'attachment.fail':'ファイルをアップロードできませんでした',",
ja,attachment.too_large,File is too large,File is too large,File is too large,ファイルが大きすぎます,ファイルが大きすぎます,ファイルが大きすぎます,ファイルが大きすぎます,"'attachment.too_large':'ファイルが大きすぎます',",
ja,automation.event.ticket_assignee_change,Ticket Assignee Change,Ticket Assignee Change,Ticket Assignee Change,チケット譲受人の変更,チケット譲受人の変更,チケット譲受人の変更,チケット譲受人の変更,"'automation.event.ticket_assignee_change':'チケット譲受人の変更',",
ja,automation.event.ticket_attachment_add,Ticket Attachment,Ticket Attachment,Ticket Attachment,チケットアタッチメント,チケットアタッチメント,チケットアタッチメント,チケットアタッチメント,"'automation.event.ticket_attachment_add':'チケットアタッチメント',",
ja,automation.event.ticket_category_change,Ticket Category Change,Ticket Category Change,Ticket Category Change,チケットカテゴリの変更,チケットカテゴリの変更,チケットカテゴリの変更,チケットカテゴリの変更,"'automation.event.ticket_category_change':'チケットカテゴリの変更',",
ja,automation.event.ticket_cc_add,Ticket CC Change,Ticket CC Change,Ticket CC Change,チケットCCの変更,チケットCCの変更,チケットCCの変更,チケットCCの変更,"'automation.event.ticket_cc_add':'チケットCCの変更',",
ja,automation.event.ticket_comment,Ticket Comment,Ticket Comment,Ticket Comment,チケットのコメント,チケットのコメント,チケットのコメント,チケットのコメント,"'automation.event.ticket_comment':'チケットのコメント',",
ja,automation.event.ticket_location_change,Ticket Location Change,Ticket Location Change,Ticket Location Change,チケット場所の変更,チケット場所の変更,チケット場所の変更,チケット場所の変更,"'automation.event.ticket_location_change':'チケット場所の変更',",
ja,automation.event.ticket_priority_change,Ticket Priority Change,Ticket Priority Change,Ticket Priority Change,チケット優先度の変更,チケット優先度の変更,チケット優先度の変更,チケット優先度の変更,"'automation.event.ticket_priority_change':'チケット優先度の変更',",
ja,automation.event.ticket_status_cancelled,Ticket: Status Cancelled,Ticket: Status Cancelled,Ticket: Status Cancelled,チケット：ステータスがキャンセル,チケット：ステータスがキャンセル,チケット：ステータスがキャンセル,チケット：ステータスがキャンセル,"'automation.event.ticket_status_cancelled':'チケット：ステータスがキャンセル',",
ja,automation.event.ticket_status_complete,Ticket: Status Complete,Ticket: Status Complete,Ticket: Status Complete,チケット：完了ステータス,チケット：完了ステータス,チケット：完了ステータス,チケット：完了ステータス,"'automation.event.ticket_status_complete':'チケット：完了ステータス',",
ja,automation.event.ticket_status_deferred,Ticket: Status Deferred,Ticket: Status Deferred,Ticket: Status Deferred,チケット：ステータスは、繰延します,チケット：ステータスは、繰延します,チケット：ステータスは、繰延します,チケット：ステータスは、繰延します,"'automation.event.ticket_status_deferred':'チケット：ステータスは、繰延します',",
ja,automation.event.ticket_status_denied,Ticket: Status Denied,Ticket: Status Denied,Ticket: Status Denied,チケット：ステータスが拒否されました,チケット：ステータスが拒否されました,チケット：ステータスが拒否されました,チケット：ステータスが拒否されました,"'automation.event.ticket_status_denied':'チケット：ステータスが拒否されました',",
ja,automation.event.ticket_status_in_progress,Ticket: Status In Progress,Ticket: Status In Progress,Ticket: Status In Progress,チケット：進行中のステータス,チケット：進行中のステータス,チケット：進行中のステータス,チケット：進行中のステータス,"'automation.event.ticket_status_in_progress':'チケット：進行中のステータス',",
ja,automation.event.ticket_status_new,Ticket: Status New,Ticket: Status New,Ticket: Status New,チケット：状態新品,チケット：状態新品,チケット：状態新品,チケット：状態新品,"'automation.event.ticket_status_new':'チケット：状態新品',",
ja,automation.event.ticket_status_pending,Ticket: Status Pending,Ticket: Status Pending,Ticket: Status Pending,チケット：ステータス保留,チケット：ステータス保留,チケット：ステータス保留,チケット：ステータス保留,"'automation.event.ticket_status_pending':'チケット：ステータス保留',",
ja,automation.event.ticket_status_unsatisfactory,Ticket: Status Unsatisfactory,Ticket: Status Unsatisfactory,Ticket: Status Unsatisfactory,チケット：不満足な状況,チケット：不満足な状況,チケット：不満足な状況,チケット：不満足な状況,"'automation.event.ticket_status_unsatisfactory':'チケット：不満足な状況',",
ja,button.add,Add new {{model}},Add new _model}},Add new _model_var_,新しい_model_var_を追加,新しい_model}}を追加,新しい{{model}}を追加,新しい{{model}}を追加,"'button.add':'新しい{{model}}を追加',",
ja,button.upload,Attach file,Attach file,Attach file,ファイルを添付する,ファイルを添付する,ファイルを添付する,ファイルを添付する,"'button.upload':'ファイルを添付する',",
ja,crud.cancel.button,Cancel,Cancel,Cancel,キャンセル,キャンセル,キャンセル,キャンセル,"'crud.cancel.button':'キャンセル',",
ja,crud.close_tab,Close Tab,Close Tab,Close Tab,タブを閉じます,タブを閉じます,タブを閉じます,タブを閉じます,"'crud.close_tab':'タブを閉じます',",
ja,crud.create.button,Create,Create,Create,作ります,作ります,作ります,作ります,"'crud.create.button':'作ります',",
ja,crud.create.error,Error creating {{model}}.,Error creating _model}}.,Error creating _model_var_.,_model_var_の作成エラーが発生しました。,_model}}の作成エラーが発生しました。,{{model}}の作成エラーが発生しました。,{{model}}の作成エラーが発生しました。,"'crud.create.error':'{{model}}の作成エラーが発生しました。',",
ja,crud.create.success,{{model}} created successfully.,_model}} created successfully.,_model_var_ created successfully.,_model_var_正常に作成。,_model}}正常に作成。,{{model}}正常に作成。,{{model}}正常に作成。,"'crud.create.success':'{{model}}正常に作成。',",
ja,crud.default_value,Default: {{value}},Default: _value}},Default: _value_var_,デフォルト：_value_var_,デフォルト：_value}},デフォルト：{{value}},デフォルト：{{value}},"'crud.default_value':'デフォルト：{{value}}',",
ja,crud.delete.button,Delete,Delete,Delete,削除,削除,削除,削除,"'crud.delete.button':'削除',",
ja,crud.delete.confirm,Are you sure you want to delete this {{module}}?,Are you sure you want to delete this _module}}?,Are you sure you want to delete this _module_var_?,あなたはこの_module_var_を削除してもよろしいですか？,あなたはこの_module}}を削除してもよろしいですか？,あなたはこの{{module}}を削除してもよろしいですか？,あなたはこの{{module}}を削除してもよろしいですか？,"'crud.delete.confirm':'あなたはこの{{module}}を削除してもよろしいですか？',",
ja,crud.delete.error,Error deleting {{model}}.,Error deleting _model}}.,Error deleting _model_var_.,エラーが_model_var_削除します。,エラーが_model}}削除します。,エラーが{{model}}削除します。,エラーが{{model}}削除します。,"'crud.delete.error':'エラーが{{model}}削除します。',",
ja,crud.delete.title,Delete Record,Delete Record,Delete Record,レコードを削除します,レコードを削除します,レコードを削除します,レコードを削除します,"'crud.delete.title':'レコードを削除します',",
ja,crud.discard_changes,Unsaved Changes,Unsaved Changes,Unsaved Changes,未保存の変更,未保存の変更,未保存の変更,未保存の変更,"'crud.discard_changes':'未保存の変更',",
ja,crud.discard_changes_confirm,All unsaved changes will be lost.  Are you sure you want to continue?,All unsaved changes will be lost.  Are you sure you want to continue?,All unsaved changes will be lost.  Are you sure you want to continue?,すべての未保存の変更は失われます。あなたが継続してもよろしいですか？,すべての未保存の変更は失われます。あなたが継続してもよろしいですか？,すべての未保存の変更は失われます。あなたが継続してもよろしいですか？,すべての未保存の変更は失われます。あなたが継続してもよろしいですか？,"'crud.discard_changes_confirm':'すべての未保存の変更は失われます。あなたが継続してもよろしいですか？',",
ja,crud.duplicate.button,Duplicate,Duplicate,Duplicate,複製,複製,複製,複製,"'crud.duplicate.button':'複製',",
ja,crud.inherited_from,Inherited from: {{from}},Inherited from: _from}},Inherited from: _from_var_,_from_var_：から継承されます。,_from}}：から継承されます。,{{from}}：から継承されます。,{{from}}：から継承されます。,"'crud.inherited_from':'{{from}}：から継承されます。',",
ja,crud.no,No,No,No,いいえ,いいえ,いいえ,いいえ,"'crud.no':'いいえ',",
ja,crud.print.button,Print,Print,Print,印刷,印刷,印刷,印刷,"'crud.print.button':'印刷',",
ja,crud.restore.button,Restore,Restore,Restore,リストア,リストア,リストア,リストア,"'crud.restore.button':'リストア',",
ja,crud.restore.error,Error restoring {{model}},Error restoring _model}},Error restoring _model_var_,エラー復元_model_var_,エラー復元_model}},エラー復元{{model}},エラー復元{{model}},"'crud.restore.error':'エラー復元{{model}}',",
ja,crud.restore.success,{{model}} restored successfully.,_model}} restored successfully.,_model_var_ restored successfully.,_model_var_正常に復元。,_model}}正常に復元。,{{model}}正常に復元。,{{model}}正常に復元。,"'crud.restore.success':'{{model}}正常に復元。',",
ja,crud.save_only.button,Save,Save,Save,セーブ,セーブ,セーブ,セーブ,"'crud.save_only.button':'セーブ',",
ja,crud.save_progress,You currently have unsaved changes.  Would you like to save your progress?,You currently have unsaved changes.  Would you like to save your progress?,You currently have unsaved changes.  Would you like to save your progress?,現在、未保存の変更を持っています。あなたの進行状況を保存しますか？,現在、未保存の変更を持っています。あなたの進行状況を保存しますか？,現在、未保存の変更を持っています。あなたの進行状況を保存しますか？,現在、未保存の変更を持っています。あなたの進行状況を保存しますか？,"'crud.save_progress':'現在、未保存の変更を持っています。あなたの進行状況を保存しますか？',",
ja,crud.save.button,Save and Close,Save and Close,Save and Close,保存して閉じます,保存して閉じます,保存して閉じます,保存して閉じます,"'crud.save.button':'保存して閉じます',",
ja,crud.save.error,Error saving {{model}}.,Error saving _model}}.,Error saving _model_var_.,_model_var_の保存中にエラー。,_model}}の保存中にエラー。,{{model}}の保存中にエラー。,{{model}}の保存中にエラー。,"'crud.save.error':'{{model}}の保存中にエラー。',",
ja,crud.save.success,{{model}} saved successfully.,_model}} saved successfully.,_model_var_ saved successfully.,_model_var_が正常に保存されました。,_model}}が正常に保存されました。,{{model}}が正常に保存されました。,{{model}}が正常に保存されました。,"'crud.save.success':'{{model}}が正常に保存されました。',",
ja,crud.titles.edit,Edit {{model}},Edit _model}},Edit _model_var_,編集_model_var_,編集_model}},編集{{model}},編集{{model}},"'crud.titles.edit':'編集{{model}}',",
ja,crud.titles.new,New {{model}},New _model}},New _model_var_,新_model_var_,新_model}},新{{model}},新{{model}},"'crud.titles.new':'新{{model}}',",
ja,crud.update.button,Update,Update,Update,更新,更新,更新,更新,"'crud.update.button':'更新',",
ja,crud.yes,Yes,Yes,Yes,はい,はい,はい,はい,"'crud.yes':'はい',",
ja,dashboard.welcome,Welcome,Welcome,Welcome,ようこそ,ようこそ,ようこそ,ようこそ,"'dashboard.welcome':'ようこそ',",
ja,dt.link.submit,Submit,Submit,Submit,提出します,提出します,提出します,提出します,"'dt.link.submit':'提出します',",
ja,dt.new,New,New,New,新しい,新しい,新しい,新しい,"'dt.new':'新しい',",
ja,dt.placeholder_submit,Leave blank if Submit,Leave blank if Submit,Leave blank if Submit,サブミット場合は空白のまま,サブミット場合は空白のまま,サブミット場合は空白のまま,サブミット場合は空白のまま,"'dt.placeholder_submit':'サブミット場合は空白のまま',",
ja,dt.start,Start,Start,Start,開始,開始,開始,開始,"'dt.start':'開始',",
ja,dt.ticket.launch,Launch Ticket Decision Tree,Launch Ticket Decision Tree,Launch Ticket Decision Tree,起動チケットディシジョン・ツリー,起動チケットディシジョン・ツリー,起動チケットディシジョン・ツリー,起動チケットディシジョン・ツリー,"'dt.ticket.launch':'起動チケットディシジョン・ツリー',",
ja,errors.address.address,Address required,Address required,Address required,住所必要,住所必要,住所必要,住所必要,"'errors.address.address':'住所必要',",
ja,errors.address.city,City required,City required,City required,市必要,市必要,市必要,市必要,"'errors.address.city':'市必要',",
ja,errors.address.country,Country required,Country required,Country required,カントリー必要,カントリー必要,カントリー必要,カントリー必要,"'errors.address.country':'カントリー必要',",
ja,errors.address.postal_code,Zip code required,Zip code required,Zip code required,郵便番号が必要,郵便番号が必要,郵便番号が必要,郵便番号が必要,"'errors.address.postal_code':'郵便番号が必要',",
ja,errors.address.state,State required,State required,State required,状態が必要,状態が必要,状態が必要,状態が必要,"'errors.address.state':'状態が必要',",
ja,errors.automation.assignee,Please select an Assignee,Please select an Assignee,Please select an Assignee,譲受人を選択してください,譲受人を選択してください,譲受人を選択してください,譲受人を選択してください,"'errors.automation.assignee':'譲受人を選択してください',",
ja,errors.automation.description.min_max,Description must be at least 5 charachters long,Description must be at least 5 charachters long,Description must be at least 5 charachters long,説明は、少なくとも5 charachters長さでなければなりません,説明は、少なくとも5 charachters長さでなければなりません,説明は、少なくとも5 charachters長さでなければなりません,説明は、少なくとも5 charachters長さでなければなりません,"'errors.automation.description.min_max':'説明は、少なくとも5 charachters長さでなければなりません',",
ja,errors.automation.pf.criteria.length,Must have at least one criteria,Must have at least one criteria,Must have at least one criteria,少なくとも一つの基準を持っている必要があります,少なくとも一つの基準を持っている必要があります,少なくとも一つの基準を持っている必要があります,少なくとも一つの基準を持っている必要があります,"'errors.automation.pf.criteria.length':'少なくとも一つの基準を持っている必要があります',",
ja,errors.automation.pf.length,Please add at least one filter,Please add at least one filter,Please add at least one filter,少なくとも1つのフィルタを追加してください,少なくとも1つのフィルタを追加してください,少なくとも1つのフィルタを追加してください,少なくとも1つのフィルタを追加してください,"'errors.automation.pf.length':'少なくとも1つのフィルタを追加してください',",
ja,errors.dtd.description,Description must be provided,Description must be provided,Description must be provided,説明が提供されなければなりません,説明が提供されなければなりません,説明が提供されなければなりません,説明が提供されなければなりません,"'errors.dtd.description':'説明が提供されなければなりません',",
ja,errors.dtd.key,Key must be provided,Key must be provided,Key must be provided,キーが提供されなければなりません,キーが提供されなければなりません,キーが提供されなければなりません,キーが提供されなければなりません,"'errors.dtd.key':'キーが提供されなければなりません',",
ja,errors.dtd.key.length,Key must less than 12 characters,Key must less than 12 characters,Key must less than 12 characters,キー必須12文字未満,キー必須12文字未満,キー必須12文字未満,キー必須12文字未満,"'errors.dtd.key.length':'キー必須12文字未満',",
ja,errors.email.email,Email required,Email required,Email required,メール必要,メール必要,メール必要,メール必要,"'errors.email.email':'メール必要',",
ja,errors.link.text,Text must be provided,Text must be provided,Text must be provided,テキストが提供されなければなりません,テキストが提供されなければなりません,テキストが提供されなければなりません,テキストが提供されなければなりません,"'errors.link.text':'テキストが提供されなければなりません',",
ja,errors.location.location_level,Location Level must be provided. ,Location Level must be provided. ,Location Level must be provided. ,ロケーションレベルが提供されなければなりません。,ロケーションレベルが提供されなければなりません。,ロケーションレベルが提供されなければなりません。,ロケーションレベルが提供されなければなりません。,"'errors.location.location_level':'ロケーションレベルが提供されなければなりません。',",
ja,errors.location.name,Name must be provided. ,Name must be provided. ,Name must be provided. ,名前が提供されなければなりません。,名前が提供されなければなりません。,名前が提供されなければなりません。,名前が提供されなければなりません。,"'errors.location.name':'名前が提供されなければなりません。',",
ja,errors.location.number,Number must be provided. ,Number must be provided. ,Number must be provided. ,番号が提供されなければなりません。,番号が提供されなければなりません。,番号が提供されなければなりません。,番号が提供されなければなりません。,"'errors.location.number':'番号が提供されなければなりません。',",
ja,errors.location.status,Status must be provided. ,Status must be provided. ,Status must be provided. ,ステータスが提供されなければなりません。,ステータスが提供されなければなりません。,ステータスが提供されなければなりません。,ステータスが提供されなければなりません。,"'errors.location.status':'ステータスが提供されなければなりません。',",
ja,errors.person.first_name,First name must be provided. ,First name must be provided. ,First name must be provided. ,最初の名前が提供されなければなりません。,最初の名前が提供されなければなりません。,最初の名前が提供されなければなりません。,最初の名前が提供されなければなりません。,"'errors.person.first_name':'最初の名前が提供されなければなりません。',",
ja,errors.person.first_name.length,Max length of 30,Max length of 30,Max length of 30,30の最大長,30の最大長,30の最大長,30の最大長,"'errors.person.first_name.length':'30の最大長',",
ja,errors.person.last_name,Last name must be provided. Max length 30,Last name must be provided. Max length 30,Last name must be provided. Max length 30,姓が提供されなければなりません。最大長30,姓が提供されなければなりません。最大長30,姓が提供されなければなりません。最大長30,姓が提供されなければなりません。最大長30,"'errors.person.last_name':'姓が提供されなければなりません。最大長30',",
ja,errors.person.last_name.length,Max length of 30,Max length of 30,Max length of 30,30の最大長,30の最大長,30の最大長,30の最大長,"'errors.person.last_name.length':'30の最大長',",
ja,errors.person.middle_initial,Middle Initial can only contain characters,Middle Initial can only contain characters,Middle Initial can only contain characters,ミドルネームは文字のみを含めることができます,ミドルネームは文字のみを含めることができます,ミドルネームは文字のみを含めることができます,ミドルネームは文字のみを含めることができます,"'errors.person.middle_initial':'ミドルネームは文字のみを含めることができます',",
ja,errors.person.password,"Password must include at least one upper case letter, one lower case letter, and a number","Password must include at least one upper case letter, one lower case letter, and a number","Password must include at least one upper case letter, one lower case letter, and a number",パスワードは、少なくとも1つの大文字、1小文字、数字を含める必要があります,パスワードは、少なくとも1つの大文字、1小文字、数字を含める必要があります,パスワードは、少なくとも1つの大文字、1小文字、数字を含める必要があります,パスワードは、少なくとも1つの大文字、1小文字、数字を含める必要があります,"'errors.person.password':'パスワードは、少なくとも1つの大文字、1小文字、数字を含める必要があります',",
ja,errors.person.password.length,Password cannot be more than 15 characters,Password cannot be more than 15 characters,Password cannot be more than 15 characters,パスワードは15文字以下であること,パスワードは15文字以下であること,パスワードは15文字以下であること,パスワードは15文字以下であること,"'errors.person.password.length':'パスワードは15文字以下であること',",
ja,errors.person.username,Username must be provided,Username must be provided,Username must be provided,ユーザー名が提供されなければなりません,ユーザー名が提供されなければなりません,ユーザー名が提供されなければなりません,ユーザー名が提供されなければなりません,"'errors.person.username':'ユーザー名が提供されなければなりません',",
ja,errors.phonenumber.number,Phone number required,Phone number required,Phone number required,電話番号が必要,電話番号が必要,電話番号が必要,電話番号が必要,"'errors.phonenumber.number':'電話番号が必要',",
ja,errors.profile.description,Description must be provided,Description must be provided,Description must be provided,説明が提供されなければなりません,説明が提供されなければなりません,説明が提供されなければなりません,説明が提供されなければなりません,"'errors.profile.description':'説明が提供されなければなりません',",
ja,errors.profile.description.min_max,Must be between 5 and 500 characters,Must be between 5 and 500 characters,Must be between 5 and 500 characters,5と500文字の間でなければなりません,5と500文字の間でなければなりません,5と500文字の間でなければなりません,5と500文字の間でなければなりません,"'errors.profile.description.min_max':'5と500文字の間でなければなりません',",
ja,errors.role.name,Name must be provided,Name must be provided,Name must be provided,名前が提供されなければなりません,名前が提供されなければなりません,名前が提供されなければなりません,名前が提供されなければなりません,"'errors.role.name':'名前が提供されなければなりません',",
ja,errors.tenant.billing_contact,Billing Contact must be provided,Billing Contact must be provided,Billing Contact must be provided,請求連絡先が提供されなければなりません,請求連絡先が提供されなければなりません,請求連絡先が提供されなければなりません,請求連絡先が提供されなければなりません,"'errors.tenant.billing_contact':'請求連絡先が提供されなければなりません',",
ja,errors.tenant.billing_contact,Billing Contact required,Billing Contact required,Billing Contact required,請求連絡が必要,請求連絡が必要,請求連絡が必要,請求連絡が必要,"'errors.tenant.billing_contact':'請求連絡が必要',",
ja,errors.tenant.company_code,Company Code must be provided,Company Code must be provided,Company Code must be provided,会社コードが提供されなければなりません,会社コードが提供されなければなりません,会社コードが提供されなければなりません,会社コードが提供されなければなりません,"'errors.tenant.company_code':'会社コードが提供されなければなりません',",
ja,errors.tenant.company_name,Company Name must be provided,Company Name must be provided,Company Name must be provided,会社名が提供されなければなりません,会社名が提供されなければなりません,会社名が提供されなければなりません,会社名が提供されなければなりません,"'errors.tenant.company_name':'会社名が提供されなければなりません',",
ja,errors.tenant.countries,Company Code must be provided,Company Code must be provided,Company Code must be provided,会社コードが提供されなければなりません,会社コードが提供されなければなりません,会社コードが提供されなければなりません,会社コードが提供されなければなりません,"'errors.tenant.countries':'会社コードが提供されなければなりません',",
ja,errors.tenant.dashboard_text,Dashboard Text must be provided,Dashboard Text must be provided,Dashboard Text must be provided,ダッシュボードのテキストが提供されなければなりません,ダッシュボードのテキストが提供されなければなりません,ダッシュボードのテキストが提供されなければなりません,ダッシュボードのテキストが提供されなければなりません,"'errors.tenant.dashboard_text':'ダッシュボードのテキストが提供されなければなりません',",
ja,errors.tenant.default_currency,Currency must be provided,Currency must be provided,Currency must be provided,通貨が提供されなければなりません,通貨が提供されなければなりません,通貨が提供されなければなりません,通貨が提供されなければなりません,"'errors.tenant.default_currency':'通貨が提供されなければなりません',",
ja,errors.tenant.implementation_contact,Implementation Contact must be provided,Implementation Contact must be provided,Implementation Contact must be provided,実装の接触が提供されなければなりません,実装の接触が提供されなければなりません,実装の接触が提供されなければなりません,実装の接触が提供されなければなりません,"'errors.tenant.implementation_contact':'実装の接触が提供されなければなりません',",
ja,errors.tenant.implementation_contact_initial,Implementation contact required,Implementation contact required,Implementation contact required,実装コンタクトは必要,実装コンタクトは必要,実装コンタクトは必要,実装コンタクトは必要,"'errors.tenant.implementation_contact_initial':'実装コンタクトは必要',",
ja,errors.ticket.assignee,Assignee must be provided,Assignee must be provided,Assignee must be provided,譲受人が提供されなければなりません,譲受人が提供されなければなりません,譲受人が提供されなければなりません,譲受人が提供されなければなりません,"'errors.ticket.assignee':'譲受人が提供されなければなりません',",
ja,errors.ticket.location,Location must be provided,Location must be provided,Location must be provided,場所が提供されなければなりません,場所が提供されなければなりません,場所が提供されなければなりません,場所が提供されなければなりません,"'errors.ticket.location':'場所が提供されなければなりません',",
ja,errors.ticket.priority,Priority must be provided,Priority must be provided,Priority must be provided,優先順位が提供されなければなりません,優先順位が提供されなければなりません,優先順位が提供されなければなりません,優先順位が提供されなければなりません,"'errors.ticket.priority':'優先順位が提供されなければなりません',",
ja,errors.ticket.request,Request must be provided,Request must be provided,Request must be provided,リクエストが提供されなければなりません,リクエストが提供されなければなりません,リクエストが提供されなければなりません,リクエストが提供されなければなりません,"'errors.ticket.request':'リクエストが提供されなければなりません',",
ja,errors.ticket.request.length,Request must be at least 5 characters,Request must be at least 5 characters,Request must be at least 5 characters,要求は、少なくとも5文字でなければなりません,要求は、少なくとも5文字でなければなりません,要求は、少なくとも5文字でなければなりません,要求は、少なくとも5文字でなければなりません,"'errors.ticket.request.length':'要求は、少なくとも5文字でなければなりません',",
ja,errors.ticket.requester,Requester must be provided,Requester must be provided,Requester must be provided,リクエスタが提供されなければなりません,リクエスタが提供されなければなりません,リクエスタが提供されなければなりません,リクエスタが提供されなければなりません,"'errors.ticket.requester':'リクエスタが提供されなければなりません',",
ja,errors.ticket.status,Status must be provided,Status must be provided,Status must be provided,ステータスが提供されなければなりません,ステータスが提供されなければなりません,ステータスが提供されなければなりません,ステータスが提供されなければなりません,"'errors.ticket.status':'ステータスが提供されなければなりません',",
ja,general.new,New,New,New,新しい,新しい,新しい,新しい,"'general.new':'新しい',",
ja,grid.export,Export,Export,Export,輸出する,輸出する,輸出する,輸出する,"'grid.export':'輸出する',",
ja,grid.filter,Filter,Filter,Filter,フィルタ,フィルタ,フィルタ,フィルタ,"'grid.filter':'フィルタ',",
ja,grid.filter.other,Filters,Filters,Filters,フィルター,フィルター,フィルター,,,
ja,grid.filterset_name,Name your filter,Name your filter,Name your filter,あなたのフィルタに名前を付け,あなたのフィルタに名前を付け,あなたのフィルタに名前を付け,,,
ja,grid.per_page,{{size}} per page,_size}} per page,_size_var_ per page,ページあたり_size_var_,ページあたり_size}},ページあたり{{size}},,,
ja,grid.reset_all_options,Reset All Options,Reset All Options,Reset All Options,すべてのオプションをリセット,すべてのオプションをリセット,すべてのオプションをリセット,,,
ja,grid.save_filter,Save Filter,Save Filter,Save Filter,フィルタを保存,フィルタを保存,フィルタを保存,,,
ja,menu.home,Home,Home,Home,ホーム,ホーム,ホーム,,,
ja,mobile.label.detail,Details,Details,Details,細部,細部,細部,,,
ja,modules.assets.titleShort,Assets,Assets,Assets,資産,資産,資産,,,
ja,modules.invoices.titleShort,Invoices,Invoices,Invoices,請求書,請求書,請求書,,,
ja,modules.pms.titleShort,PM,PM,PM,PM,PM,PM,,,
ja,modules.projects.titleShort,Projects,Projects,Projects,プロジェクト,プロジェクト,プロジェクト,,,
ja,modules.purchaseOrders.titleShort,Purchase Orders,Purchase Orders,Purchase Orders,発注書,発注書,発注書,,,
ja,modules.rfqs.titleShort,RFQs,RFQs,RFQs,見積依頼,見積依頼,見積依頼,,,
ja,modules.tasks.titleShort,Tasks,Tasks,Tasks,タスク,タスク,タスク,,,
ja,modules.tickets.newTickets,New Tickets,New Tickets,New Tickets,新しいチケット,新しいチケット,新しいチケット,,,
ja,modules.tickets.openTickets,Open Tickets,Open Tickets,Open Tickets,オープンチケット,オープンチケット,オープンチケット,,,
ja,modules.tickets.titleShort,Tickets,Tickets,Tickets,切符売場,切符売場,切符売場,,,
ja,modules.workOrders.overdue,Overdue Work Orders,Overdue Work Orders,Overdue Work Orders,期限切れの作業指示,期限切れの作業指示,期限切れの作業指示,,,
ja,modules.workOrders.titleShort,Work Orders,Work Orders,Work Orders,作業指示,作業指示,作業指示,,,
ja,power.select.select,Click to select,Click to select,Click to select,クリックして選択します,クリックして選択します,クリックして選択します,,,
ja,selects.loading,Loading,Loading,Loading,ローディング,ローディング,ローディング,,,
ja,selects.noMatchesMessage,No Matches,No Matches,No Matches,一致なし,一致なし,一致なし,,,
ja,selects.searchMessage,Type to search,Type to search,Type to search,検索するタイプ,検索するタイプ,検索するタイプ,,,
ja,selects.searchPlaceholder,Search,Search,Search,サーチ,サーチ,サーチ,,,
ja,tenant.billing_contact,Billing Contact,Billing Contact,Billing Contact,請求お問い合わせ,請求お問い合わせ,請求お問い合わせ,,,
ja,tenant.company_code,Company Code must be provided,Company Code must be provided,Company Code must be provided,会社コードが提供されなければなりません,会社コードが提供されなければなりません,会社コードが提供されなければなりません,,,
ja,tenant.company_name,Company Name,Company Name,Company Name,会社名,会社名,会社名,,,
ja,tenant.dashboard_text,Dashboard Text,Dashboard Text,Dashboard Text,ダッシュボードのテキスト,ダッシュボードのテキスト,ダッシュボードのテキスト,,,
ja,tenant.implementation_contact_initial,Initial Implementation Contact Name,Initial Implementation Contact Name,Initial Implementation Contact Name,初期実装の連絡先名,初期実装の連絡先名,初期実装の連絡先名,,,
ja,tenant.new,New Tenant,New Tenant,New Tenant,新しいテナント,新しいテナント,新しいテナント,,,
ja,tenant.scid,Service Channel ID,Service Channel ID,Service Channel ID,サービスチャネルID,サービスチャネルID,サービスチャネルID,,,
ja,tenant.one,Tenant,Tenant,Tenant,テナント,テナント,テナント,,,
ja,tenant.search,Search Tenants,Search Tenants,Search Tenants,検索テナント,検索テナント,検索テナント,,,
ja,tenant.label.company_name,Company Name,Company Name,Company Name,会社名,会社名,会社名,,,
ja,tenant.label.company_code,Company Code,Company Code,Company Code,会社コード,会社コード,会社コード,,,
ja,tenant.label.test_mode,Test Mode,Test Mode,Test Mode,テストモード,テストモード,テストモード,,,
ja,tenant.other,Tenants,Tenants,Tenants,テナント,テナント,テナント,,,
ja,ticket.continue,Continue,Continue,Continue,持続する,持続する,持続する,,,
ja,ticket.created,{{requester}} created this ticket {{timestamp}},_requester}} created this ticket _timestamp}},_requester_var_ created this ticket _timestamp_var_,このチケット_timestamp_var_を作成し_requester_var_,このチケット_timestamp}}を作成し_requester}},このチケット{{timestamp}}を作成し{{requester}},,,
ja,ticket.label.assignee-fullname,Assignee,Assignee,Assignee,譲受人,譲受人,譲受人,,,
ja,ticket.label.category-name,Category,Category,Category,カテゴリー,カテゴリー,カテゴリー,,,
ja,ticket.label.cc,CC,CC,CC,CC,CC,CC,,,
ja,ticket.label.comment_add,Enter a comment,Enter a comment,Enter a comment,コメントを入力してください,コメントを入力してください,コメントを入力してください,,,
ja,ticket.label.created,Created,Created,Created,作成した,作成した,作成した,,,
ja,ticket.label.formatted_date,Created,Created,Created,作成した,作成した,作成した,,,
ja,ticket.label.location-name,Location,Location,Location,ロケーション,ロケーション,ロケーション,,,
ja,ticket.label.number,Ticket Number,Ticket Number,Ticket Number,チケット番号,チケット番号,チケット番号,,,
ja,ticket.label.numberSymbol,#,#,#,＃,＃,＃,,,
ja,ticket.label.priority-name,Priority,Priority,Priority,優先,優先,優先,,,
ja,ticket.label.request,Request,Request,Request,要求,要求,要求,,,
ja,ticket.label.requester,Requester,Requester,Requester,リクエスタ,リクエスタ,リクエスタ,,,
ja,ticket.label.status-name,Status,Status,Status,状態,状態,状態,,,
ja,ticket.one,Ticket,Ticket,Ticket,チケット,チケット,チケット,,,
ja,ticket.other,Tickets,Tickets,Tickets,切符売場,切符売場,切符売場,,,
ja,ticket.priority.emergency,Emergency,Emergency,Emergency,緊急,緊急,緊急,,,
ja,ticket.priority.high,High,High,High,高い,高い,高い,,,
ja,ticket.priority.low,Low,Low,Low,ロー,ロー,ロー,,,
ja,ticket.priority.medium,Medium,Medium,Medium,ミディアム,ミディアム,ミディアム,,,
ja,ticket.search,Search Tickets,Search Tickets,Search Tickets,検索チケット,検索チケット,検索チケット,,,
ja,ticket.section.activity,Activity,Activity,Activity,アクティビティ,アクティビティ,アクティビティ,,,
ja,ticket.section.details,Details,Details,Details,細部,細部,細部,,,
ja,ticket.section.location,Location,Location,Location,ロケーション,ロケーション,ロケーション,,,
ja,ticket.section.request,Request,Request,Request,要求,要求,要求,,,
ja,ticket.status.cancelled,Cancelled,Cancelled,Cancelled,キャンセル,キャンセル,キャンセル,,,
ja,ticket.status.closed,Closed,Closed,Closed,閉まっている,閉まっている,閉まっている,,,
ja,ticket.status.complete,Complete,Complete,Complete,コンプリート,コンプリート,コンプリート,,,
ja,ticket.status.deferred,Deferred,Deferred,Deferred,繰延,繰延,繰延,,,
ja,ticket.status.denied,Denied,Denied,Denied,拒否されました,拒否されました,拒否されました,,,
ja,ticket.status.draft,Draft,Draft,Draft,ドラフト,ドラフト,ドラフト,,,
ja,ticket.status.in_progress,In Progress,In Progress,In Progress,進行中,進行中,進行中,,,
ja,ticket.status.new,New,New,New,新しい,新しい,新しい,,,
ja,ticket.status.pending,Pending,Pending,Pending,保留中,保留中,保留中,,,
ja,ticket.status.problem_solved,Problem solved,Problem solved,Problem solved,問題が解決しました,問題が解決しました,問題が解決しました,,,
ja,ticket.status.unsatisfactory_completion,Unsatisfactory,Unsatisfactory,Unsatisfactory,不満足な,不満足な,不満足な,,,
ja,upload.progress,Progress,Progress,Progress,進捗,進捗,進捗,,,
ja,validation.invalid,Invalid,Invalid,Invalid,無効,無効,無効,,,
ja,validation.valid,Valid,Valid,Valid,有効な,有効な,有効な,,,
,,,,,,,,,,
,,,,,,,,,,
,,,,,,,,,,
,,,,,,,,,,
,,,,,,,,,,
,,,,,,,,,,
,,,,,,,,,,
,,,,,,,,,,
,,,,,,,,,,
,,,,,,,,,,
,,,,,,,,,,
,,,,,,,,,,
,,,,,,,,,,
,,,,,,,,,,
,,,,,,,,,,
,,,,,,,,,,
,,,,,,,,,,
,,,,,,,,,,
,,,,,,,,,,
,,,,,,,,,,
,,,,,,,,,,
,,,,,,,,,,
,,,,,,,,,,
,,,,,,,,,,
,,,,,,,,,,
,,,,,,,,,,
,,,,,,,,,,
,,,,,,,,,,
,,,,,,,,,,
,,,,,,,,,,
,,,,,,,,,,
,,,,,,,,,,
,,,,,,,,,,
,,,,,,,,,,
,,,,,,,,,,
,,,,,,,,,,
,,,,,,,,,,
,,,,,,,,,,
,,,,,,,,,,
,,,,,,,,,,
,,,,,,,,,,
,,,,,,,,,,
,,,,,,,,,,
,,,,,,,,,,
,,,,,,,,,,
,,,,,,,,,,
,,,,,,,,,,
,,,,,,,,,,
,,,,,,,,,,
,,,,,,,,,,
,,,,,,,,,,
,,,,,,,,,,
,,,,,,,,,,
,,,,,,,,,,
,,,,,,,,,,
,,,,,,,,,,
,,,,,,,,,,
,,,,,,,,,,
,,,,,,,,,,
,,,,,,,,,,
,,,,,,,,,,
,,,,,,,,,,
,,,,,,,,,,
,,,,,,,,,,
,,,,,,,,,,
,,,,,,,,,,
,,,,,,,,,,
,,,,,,,,,,
,,,,,,,,,,
,,,,,,,,,,
,,,,,,,,,,
,,,,,,,,,,
,,,,,,,,,,
,,,,,,,,,,
,,,,,,,,,,
,,,,,,,,,,
,,,,,,,,,,
,,,,,,,,,,
,,,,,,,,,,
,,,,,,,,,,
,,,,,,,,,,
,,,,,,,,,,
,,,,,,,,,,
,,,,,,,,,,
,,,,,,,,,,
,,,,,,,,,,
,,,,,,,,,,
,,,,,,,,,,
,,,,,,,,,,
,,,,,,,,,,
,,,,,,,,,,
,,,,,,,,,,
,,,,,,,,,,
,,,,,,,,,,
,,,,,,,,,,
,,,,,,,,,,
,,,,,,,,,,
,,,,,,,,,,
,,,,,,,,,,
,,,,,,,,,,
,,,,,,,,,,
,,,,,,,,,,
,,,,,,,,,,
,,,,,,,,,,
,,,,,,,,,,
,,,,,,,,,,
,,,,,,,,,,
,,,,,,,,,,
,,,,,,,,,,
,,,,,,,,,,
,,,,,,,,,,
,,,,,,,,,,
,,,,,,,,,,
,,,,,,,,,,
,,,,,,,,,,
,,,,,,,,,,
,,,,,,,,,,
,,,,,,,,,,
,,,,,,,,,,
,,,,,,,,,,
,,,,,,,,,,
,,,,,,,,,,
,,,,,,,,,,
,,,,,,,,,,
,,,,,,,,,,
,,,,,,,,,,
,,,,,,,,,,
,,,,,,,,,,
,,,,,,,,,,
,,,,,,,,,,
,,,,,,,,,,
,,,,,,,,,,
,,,,,,,,,,
,,,,,,,,,,
,,,,,,,,,,
,,,,,,,,,,
,,,,,,,,,,
,,,,,,,,,,
,,,,,,,,,,
,,,,,,,,,,
,,,,,,,,,,
,,,,,,,,,,
,,,,,,,,,,
,,,,,,,,,,
,,,,,,,,,,
,,,,,,,,,,
,,,,,,,,,,
,,,,,,,,,,
,,,,,,,,,,
,,,,,,,,,,
,,,,,,,,,,
,,,,,,,,,,
,,,,,,,,,,
,,,,,,,,,,
,,,,,,,,,,
,,,,,,,,,,
,,,,,,,,,,
,,,,,,,,,,
,,,,,,,,,,
,,,,,,,,,,
,,,,,,,,,,
,,,,,,,,,,
,,,,,,,,,,
,,,,,,,,,,
,,,,,,,,,,
,,,,,,,,,,
,,,,,,,,,,
,,,,,,,,,,
,,,,,,,,,,
,,,,,,,,,,
,,,,,,,,,,
,,,,,,,,,,
,,,,,,,,,,
,,,,,,,,,,
,,,,,,,,,,
,,,,,,,,,,
,,,,,,,,,,
,,,,,,,,,,
,,,,,,,,,,
,,,,,,,,,,
,,,,,,,,,,
,,,,,,,,,,
,,,,,,,,,,
,,,,,,,,,,
,,,,,,,,,,
,,,,,,,,,,
,,,,,,,,,,
,,,,,,,,,,
,,,,,,,,,,
,,,,,,,,,,
,,,,,,,,,,
,,,,,,,,,,
,,,,,,,,,,
,,,,,,,,,,
,,,,,,,,,,
,,,,,,,,,,
,,,,,,,,,,
,,,,,,,,,,
,,,,,,,,,,
,,,,,,,,,,
,,,,,,,,,,
,,,,,,,,,,
,,,,,,,,,,
,,,,,,,,,,
,,,,,,,,,,
,,,,,,,,,,
,,,,,,,,,,
,,,,,,,,,,
,,,,,,,,,,
,,,,,,,,,,
,,,,,,,,,,
,,,,,,,,,,
,,,,,,,,,,
,,,,,,,,,,
,,,,,,,,,,
,,,,,,,,,,
,,,,,,,,,,
,,,,,,,,,,
,,,,,,,,,,
,,,,,,,,,,
,,,,,,,,,,
,,,,,,,,,,
,,,,,,,,,,
,,,,,,,,,,
,,,,,,,,,,
,,,,,,,,,,
,,,,,,,,,,
,,,,,,,,,,
,,,,,,,,,,
,,,,,,,,,,
,,,,,,,,,,
,,,,,,,,,,
,,,,,,,,,,
,,,,,,,,,,
,,,,,,,,,,
,,,,,,,,,,
,,,,,,,,,,
,,,,,,,,,,
,,,,,,,,,,
,,,,,,,,,,
,,,,,,,,,,
,,,,,,,,,,
,,,,,,,,,,
,,,,,,,,,,
,,,,,,,,,,
,,,,,,,,,,
,,,,,,,,,,
,,,,,,,,,,
,,,,,,,,,,
,,,,,,,,,,
,,,,,,,,,,
,,,,,,,,,,
,,,,,,,,,,
,,,,,,,,,,
,,,,,,,,,,
,,,,,,,,,,
,,,,,,,,,,
,,,,,,,,,,
,,,,,,,,,,
,,,,,,,,,,
,,,,,,,,,,
,,,,,,,,,,
,,,,,,,,,,
,,,,,,,,,,
,,,,,,,,,,
,,,,,,,,,,
,,,,,,,,,,
,,,,,,,,,,
,,,,,,,,,,
,,,,,,,,,,
,,,,,,,,,,
,,,,,,,,,,
,,,,,,,,,,
,,,,,,,,,,
,,,,,,,,,,
,,,,,,,,,,
,,,,,,,,,,
,,,,,,,,,,
,,,,,,,,,,
,,,,,,,,,,
,,,,,,,,,,
,,,,,,,,,,
,,,,,,,,,,
,,,,,,,,,,
,,,,,,,,,,
,,,,,,,,,,
,,,,,,,,,,
,,,,,,,,,,
,,,,,,,,,,
,,,,,,,,,,
,,,,,,,,,,
,,,,,,,,,,
,,,,,,,,,,
,,,,,,,,,,
,,,,,,,,,,
,,,,,,,,,,
,,,,,,,,,,
,,,,,,,,,,
,,,,,,,,,,
,,,,,,,,,,
,,,,,,,,,,
,,,,,,,,,,
,,,,,,,,,,
,,,,,,,,,,
,,,,,,,,,,
,,,,,,,,,,
,,,,,,,,,,
,,,,,,,,,,
,,,,,,,,,,
,,,,,,,,,,
,,,,,,,,,,
,,,,,,,,,,
,,,,,,,,,,
,,,,,,,,,,
,,,,,,,,,,
,,,,,,,,,,
,,,,,,,,,,
,,,,,,,,,,
,,,,,,,,,,
,,,,,,,,,,
,,,,,,,,,,
,,,,,,,,,,
,,,,,,,,,,
,,,,,,,,,,
,,,,,,,,,,
,,,,,,,,,,
,,,,,,,,,,
,,,,,,,,,,
,,,,,,,,,,
,,,,,,,,,,
,,,,,,,,,,
,,,,,,,,,,
,,,,,,,,,,
,,,,,,,,,,
,,,,,,,,,,
,,,,,,,,,,
,,,,,,,,,,
,,,,,,,,,,
,,,,,,,,,,
,,,,,,,,,,
,,,,,,,,,,
,,,,,,,,,,
,,,,,,,,,,
,,,,,,,,,,
,,,,,,,,,,
,,,,,,,,,,
,,,,,,,,,,
,,,,,,,,,,
,,,,,,,,,,
,,,,,,,,,,
,,,,,,,,,,
,,,,,,,,,,
,,,,,,,,,,
,,,,,,,,,,
,,,,,,,,,,
,,,,,,,,,,
,,,,,,,,,,
,,,,,,,,,,
,,,,,,,,,,
,,,,,,,,,,
,,,,,,,,,,
,,,,,,,,,,
,,,,,,,,,,
,,,,,,,,,,
,,,,,,,,,,
,,,,,,,,,,
,,,,,,,,,,
,,,,,,,,,,
,,,,,,,,,,
,,,,,,,,,,
,,,,,,,,,,
,,,,,,,,,,
,,,,,,,,,,
,,,,,,,,,,
,,,,,,,,,,
,,,,,,,,,,
,,,,,,,,,,
,,,,,,,,,,
,,,,,,,,,,
,,,,,,,,,,
,,,,,,,,,,
,,,,,,,,,,
